firm_ref,firm_name,country,city,established_year,is_active,created_at,updated_at
F0001,Charles & Masons & Partners,Japan,Tokyo,1885,true,2015-03-19 16:56:13,2024-02-26 23:00:23
F0002,Eversheds & McKenzie LLP,Japan,Tokyo,1905,true,2020-01-09 14:18:46,2022-10-18 10:23:08
F0003,Holman & Moore Law Group,UAE,Dubai,1906,true,2019-10-10 17:27:54,2021-11-05 21:12:17
F0004,Dorsey & Cave & Associates,Australia,Sydney,1889,true,2016-05-11 01:03:40,2023-12-21 12:31:23
F0005,DAC & Dunn Legal,Ireland,Dublin,1938,true,2015-11-14 13:21:02,2021-05-25 01:48:56
F0006,Pinsent & Bockius Law Group,Ireland,Dublin,1870,true,2018-11-28 09:12:06,2023-04-14 00:01:56
F0007,Irving & Chance & Partners,Belgium,Brussels,1924,false,2019-11-29 18:29:47,2021-10-26 17:02:17
F0008,Charles & Thomas Legal,Belgium,Brussels,1891,true,2015-11-10 19:12:45,2022-08-14 12:07:58
F0009,Hunter & Katz LLP,France,Marseille,2005,true,2020-12-20 11:30:55,2024-12-26 01:00:50
F0010,DAC & Lowell & Partners,Spain,Madrid,1933,true,2016-05-22 16:10:22,2022-12-20 02:18:35
F0011,Eversheds & Steen Legal,Ireland,Dublin,1952,true,2016-12-12 15:03:43,2024-06-30 15:01:17
F0012,Forbes & Lovells Solicitors,France,Marseille,1886,true,2016-10-22 14:35:02,2023-10-16 04:31:28
F0013,Haines & Lovells Legal,France,Marseille,1906,false,2019-12-22 05:53:27,2022-10-28 13:10:14
F0014,Gibson & Hadley LLP,Germany,Dusseldorf,1889,true,2019-03-14 07:12:29,2021-05-22 05:20:54
F0015,Davis & Browne Solicitors,Ireland,Dublin,1985,true,2020-01-27 23:28:51,2021-04-09 16:29:04
F0016,Osborne & Swaine & Associates,Spain,Madrid,2014,true,2020-10-14 13:36:26,2024-01-25 14:27:25
F0017,Allen & Thacher & Associates,Australia,Perth,1978,true,2016-05-06 09:05:48,2022-12-06 20:02:45
F0018,Haynes & Hauer & Partners,Spain,Madrid,1889,true,2020-04-26 17:45:42,2022-04-09 14:49:41
F0019,Allen & Wachtell Legal,Germany,Dusseldorf,1975,true,2019-07-06 18:02:09,2024-11-27 19:55:10
F0020,Herbert & Masons LLP,Sweden,Stockholm,1871,true,2017-08-13 09:54:55,2022-01-07 23:25:45
F0021,Quinn & Cohen Solicitors,Belgium,Brussels,1990,true,2019-07-14 01:27:02,2024-04-04 16:22:37
F0022,Fried & Latham & Partners,Spain,Barcelona,1929,true,2016-10-20 00:49:06,2024-12-14 00:24:18
F0023,Fox & Manges LLP,Japan,Osaka,1913,true,2018-09-23 03:06:34,2024-10-29 12:02:38
F0024,Browne & Sullivan & Partners,Canada,Toronto,1851,true,2020-01-02 19:28:38,2023-05-11 11:41:28
F0025,Eversheds & Hadley Legal,Japan,Tokyo,1868,true,2016-12-12 07:08:13,2021-04-15 16:51:58
F0026,Quinn & Thacher Solicitors,Australia,Perth,1912,true,2016-10-27 14:39:15,2023-04-18 16:05:53
F0027,Macfarlanes & Cravath Law Group,Ireland,Dublin,1940,true,2016-08-14 13:59:33,2021-05-27 12:43:14
F0028,Hill & Dunn LLP,Netherlands,Amsterdam,1953,true,2020-09-23 01:41:58,2023-10-13 02:35:10
F0029,Ashurst & Skadden Solicitors,Ireland,Dublin,1885,true,2017-02-11 13:09:36,2021-10-25 14:59:44
F0030,Jones & Manges LLP,Australia,Perth,1862,true,2017-02-15 02:55:07,2024-09-20 11:11:57
F0031,Bryan & Ellis Law Group,Spain,Madrid,1974,true,2015-10-17 18:10:35,2024-12-10 01:27:51
F0032,DAC & Overy Law Group,Belgium,Brussels,1917,true,2015-07-02 04:10:21,2021-09-13 18:07:00
F0033,Jackson & Thacher Solicitors,Ireland,Dublin,1889,true,2017-06-05 05:43:27,2022-10-20 02:51:43
F0034,Fried & Frank Legal,France,Paris,1864,true,2019-12-05 10:48:44,2024-02-17 22:16:12
F0035,Kirkland & Tweed LLP,Netherlands,Amsterdam,1867,true,2015-06-26 17:14:54,2023-02-28 21:13:07
F0036,Greenberg & Masons LLP,Japan,Tokyo,2008,true,2018-06-08 11:41:14,2021-07-06 05:41:48
F0037,Hughes & Simpson Legal,Japan,Osaka,1911,true,2017-03-21 04:05:58,2021-11-14 07:20:05
F0038,Farrer & Lewis LLP,Germany,Stuttgart,1852,true,2020-06-28 12:01:38,2022-04-12 00:42:06
F0039,Bond & Hauer & Associates,UAE,Dubai,1883,true,2015-08-16 14:42:54,2023-04-16 04:27:48
F0040,Clarke & Ellis Solicitors,Sweden,Stockholm,1989,true,2017-01-28 23:09:58,2022-07-29 00:58:06
F0041,Gateley & Porter LLP,UAE,Dubai,1884,true,2020-09-05 23:29:23,2024-06-23 07:51:00
F0042,Charles & Goddard & Partners,Sweden,Stockholm,1937,true,2019-09-15 19:20:41,2021-08-30 11:31:05
F0043,Burges & Morgan LLP,Japan,Osaka,1873,true,2019-04-20 06:01:51,2023-01-29 21:47:15
F0044,Connell & Cleary LLP,Belgium,Brussels,2013,false,2015-05-17 23:20:50,2021-01-06 12:11:34
F0045,Dorsey & Slate LLP,Germany,Stuttgart,1878,true,2018-10-04 17:38:36,2023-05-08 00:08:12
F0046,Curtis & Sullivan LLP,Sweden,Stockholm,1960,true,2019-08-23 02:09:39,2021-02-25 23:13:34
F0047,Cripps & Rose & Partners,Australia,Brisbane,1876,true,2015-05-04 22:46:38,2024-10-28 10:20:22
F0048,Taylor & Bockius & Partners,Spain,Barcelona,1891,false,2020-04-12 07:52:34,2024-03-10 06:33:02
F0049,Addleshaw & Bartlett Legal,Ireland,Dublin,1955,true,2018-07-04 22:53:58,2021-02-08 12:06:09
F0050,Jackson & Dunn Law Group,Belgium,Brussels,1859,true,2017-04-08 22:28:32,2021-09-05 07:19:32
F0051,Coffin & Hamilton & Partners,France,Lyon,1907,true,2018-12-01 02:41:49,2022-06-28 04:12:39
F0052,Irving & Cleary & Associates,France,Bordeaux,1939,true,2017-10-16 20:59:06,2022-03-09 19:04:29
F0053,Capsticks & Watkins & Associates,Singapore,Singapore,1859,true,2015-03-27 18:02:43,2021-06-29 04:15:07
F0054,Harris & Hauer LLP,Singapore,Singapore,1948,true,2017-09-01 13:28:33,2022-11-09 21:56:35
F0055,Druces & Overy & Partners,France,Marseille,1943,true,2015-05-18 21:41:58,2024-01-07 01:25:50
F0056,Howard & Tweed LLP,Japan,Osaka,1926,true,2020-04-20 01:50:06,2022-05-03 15:37:24
F0057,Jackson & Goddard LLP,Japan,Osaka,1899,true,2017-10-10 09:57:36,2022-09-18 02:34:25
F0058,Cobbetts & Lovells LLP,Singapore,Singapore,1927,true,2020-03-27 08:07:06,2023-06-04 01:46:54
F0059,DWF & Swaine & Partners,Singapore,Singapore,1980,true,2018-12-15 16:01:56,2022-11-18 06:58:35
F0060,Clarke & Hauer Legal,Sweden,Stockholm,1873,true,2020-08-08 23:28:21,2021-05-12 17:24:24
F0061,Boodle & Steen & Partners,Ireland,Dublin,1887,true,2020-09-21 07:16:52,2022-04-28 05:16:35
F0062,Jones & Thomas Law Group,France,Bordeaux,2011,true,2020-03-14 03:53:27,2024-08-13 00:31:02
F0063,Burgess & Day LLP,Hong Kong,Hong Kong,1877,true,2019-03-16 23:26:01,2022-09-13 20:08:19
F0064,Fieldfisher & Frank & Partners,France,Lyon,1881,true,2020-12-02 02:56:34,2023-03-16 14:51:52
F0065,Gowling & Wachtell Legal,Ireland,Dublin,1963,true,2020-09-05 02:12:12,2023-04-06 02:01:54
F0066,Weil & Bartlett Solicitors,Hong Kong,Hong Kong,1965,true,2019-08-30 04:17:37,2022-11-24 16:51:51
F0067,Haworth & Masons & Associates,France,Marseille,1962,true,2019-06-08 14:55:53,2023-01-23 19:05:10
F0068,Cole & Morgan LLP,Australia,Melbourne,1885,true,2017-04-24 04:32:49,2022-06-06 17:18:13
F0069,Dickson & Weiss Legal,Singapore,Singapore,1988,true,2016-10-26 17:28:58,2021-04-10 18:37:30
F0070,Haines & Moore LLP,United Kingdom,Manchester,1997,true,2018-07-29 08:10:17,2022-08-29 00:44:52
F0071,Davis & Tweed Law Group,United Kingdom,Birmingham,1987,true,2017-07-16 18:10:23,2024-03-16 11:35:19
F0072,Charles & Case Solicitors,Spain,Madrid,1857,true,2019-02-25 21:01:43,2021-12-07 20:37:53
F0073,Fieldfisher & Lewis LLP,Japan,Osaka,2009,true,2016-05-27 18:37:37,2024-07-29 16:19:20
F0074,Howard & McKenzie LLP,Sweden,Stockholm,2014,true,2020-01-13 22:43:27,2023-05-27 18:03:29
F0075,Capsticks & Browne Legal,Belgium,Brussels,1904,true,2016-07-18 14:41:54,2021-03-20 02:44:49
F0076,Dickson & Emanuel LLP,Canada,Calgary,1970,true,2017-05-14 12:19:01,2024-03-14 04:57:29
F0077,Holman & Sutherland LLP,Spain,Madrid,1857,true,2017-12-23 06:56:04,2021-12-15 07:36:29
F0078,Bryan & Cohen Solicitors,France,Paris,1879,true,2020-04-14 10:08:40,2021-08-25 17:13:32
F0079,Curtis & Ellis LLP,France,Bordeaux,1891,false,2020-12-13 03:53:19,2022-02-03 01:27:26
F0080,Coffin & Cromwell Law Group,United States,Washington DC,1951,true,2015-03-21 18:43:18,2024-12-13 23:25:25
F0081,Haworth & Masons LLP,France,Paris,1927,true,2020-01-14 14:00:59,2023-12-09 19:58:17
F0082,Freshfields & Dickinson Law Group,UAE,Dubai,1944,true,2019-10-25 06:59:22,2024-04-30 18:45:38
F0083,Dickson & Hamilton Solicitors,Japan,Osaka,1877,true,2015-02-09 07:24:44,2024-08-12 18:28:30
F0084,Addleshaw & Thacher & Associates,Canada,Calgary,2007,true,2016-04-20 07:50:48,2022-11-08 12:08:15
F0085,Hall & Lowell Legal,Spain,Barcelona,1912,true,2018-12-15 07:30:03,2022-11-08 15:23:38
F0086,Fieldfisher & Cromwell Law Group,United States,Chicago,1936,true,2018-11-01 14:14:00,2022-01-14 19:53:16
F0087,Bond & Dickinson & Associates,Belgium,Brussels,1937,true,2016-07-18 22:57:44,2023-01-28 09:10:44
F0088,Fox & May LLP,UAE,Abu Dhabi,1911,true,2019-09-23 18:46:58,2021-01-16 18:27:39
F0089,Hill & Simpson Solicitors,Netherlands,Amsterdam,1964,true,2020-11-15 15:33:53,2023-01-10 14:02:15
F0090,Irwin & Masons & Associates,United States,Chicago,1998,true,2016-11-19 11:25:31,2022-09-21 05:10:00
F0091,Gateley & Cave Legal,Spain,Barcelona,1966,true,2018-08-14 23:51:49,2024-03-04 18:29:19
F0092,Ashurst & Lewis LLP,Australia,Melbourne,1987,false,2016-01-10 20:45:16,2024-01-26 11:25:44
F0093,Fletcher & Lowell & Associates,Hong Kong,Hong Kong,1875,true,2016-08-18 02:19:48,2021-12-03 03:24:14
F0094,Cobbetts & Overy LLP,Australia,Melbourne,1920,true,2018-01-26 05:14:34,2021-10-06 18:03:56
F0095,Quinn & Rosen Solicitors,United Kingdom,Bristol,1876,true,2017-06-26 15:17:12,2023-12-20 09:36:17
F0096,DWF & Cave LLP,UAE,Abu Dhabi,1863,true,2018-12-29 08:46:22,2023-01-14 15:45:33
F0097,Irving & Lovells Solicitors,Belgium,Brussels,1868,true,2015-12-21 10:57:12,2024-07-01 02:41:34
F0098,Greenberg & Porter LLP,Japan,Tokyo,1913,true,2016-04-16 09:35:09,2021-08-20 18:29:20
F0099,Hawkins & Clarke Law Group,Ireland,Dublin,1965,true,2020-02-27 18:19:14,2023-07-16 01:13:10
F0100,Hawkins & Frank LLP,Australia,Perth,1903,true,2017-08-06 18:48:04,2023-06-03 08:02:35
F0101,Addleshaw & Slate LLP,Australia,Sydney,1890,true,2016-05-02 23:01:32,2022-01-08 14:49:19
F0102,Browne & Goddard & Associates,Netherlands,Rotterdam,1966,true,2017-06-23 21:52:01,2021-02-20 16:54:07
F0103,Howard & Steen & Partners,France,Marseille,1958,true,2020-04-25 23:42:10,2023-07-06 04:56:58
F0104,Slaughter & Sutherland LLP,France,Lyon,1892,true,2017-04-05 06:59:33,2024-07-08 03:02:36
F0105,Fieldfisher & Moore & Associates,UAE,Abu Dhabi,1953,true,2018-09-26 09:39:17,2021-07-13 04:14:25
F0106,Harbottle & Chance Law Group,Spain,Barcelona,1932,true,2018-09-22 01:40:01,2021-05-05 23:05:22
F0107,Guildford & Sullivan LLP,United Kingdom,London,1918,true,2016-12-12 05:50:29,2023-11-14 11:39:54
F0108,Holman & Manges & Associates,Ireland,Dublin,1896,false,2019-01-01 19:05:02,2023-03-18 04:22:27
F0109,Covington & Weiss Legal,Singapore,Singapore,1932,true,2015-10-11 11:31:36,2023-01-01 03:15:27
F0110,Irwin & Green & Associates,Belgium,Brussels,1952,true,2017-10-21 15:56:37,2022-10-02 11:14:28
F0111,Cole & Emanuel Legal,Spain,Madrid,1879,false,2018-11-14 02:16:41,2021-05-17 19:06:25
F0112,Fried & Thomas Law Group,Singapore,Singapore,1863,true,2020-08-05 06:42:44,2024-09-12 12:22:08
F0113,Gibson & Rose & Associates,Canada,Calgary,1990,true,2020-04-27 01:51:21,2022-11-18 16:28:52
F0114,Pinsent & McKenzie & Partners,Australia,Perth,1890,true,2020-12-09 09:17:45,2023-01-23 23:21:56
F0115,Boodle & Milbank LLP,United Kingdom,Bristol,1968,true,2018-06-21 13:59:27,2021-05-25 19:05:27
F0116,Clyde & Hauer & Associates,Japan,Tokyo,1956,true,2019-03-29 09:34:15,2024-12-19 19:49:34
F0117,Slaughter & Browne & Partners,Netherlands,Amsterdam,2003,true,2018-11-20 04:28:04,2023-05-07 08:39:06
F0118,Dickson & Cave & Associates,Sweden,Stockholm,1850,true,2015-08-05 21:25:01,2022-03-06 03:14:58
F0119,Freshfields & Strauss Legal,Australia,Perth,1935,true,2016-04-06 16:04:38,2022-11-25 16:29:36
F0120,Collyer & Hadley & Partners,Spain,Barcelona,1911,true,2018-11-15 16:57:19,2024-12-20 03:15:10
F0121,Fladgate & Simpson Law Group,France,Bordeaux,1948,false,2015-05-16 14:34:42,2022-05-10 06:28:23
F0122,Quinn & Hauer Legal,Ireland,Dublin,1875,true,2019-03-19 22:22:50,2021-02-27 12:11:28
F0123,Farrer & Overy LLP,Netherlands,Amsterdam,1954,true,2019-06-23 01:45:18,2024-11-15 07:43:33
F0124,Capsticks & Cave Law Group,Germany,Frankfurt,1870,true,2018-12-29 15:45:23,2024-04-29 01:22:28
F0125,Foot & Hadley LLP,Belgium,Brussels,2008,true,2017-09-10 19:58:01,2023-09-01 16:46:01
F0126,Linklaters & Case LLP,Japan,Osaka,2012,true,2016-12-07 18:36:23,2024-03-06 01:28:05
F0127,Cobbetts & Morgan LLP,United States,Houston,1861,true,2016-05-31 21:03:26,2023-12-15 02:14:19
F0128,Druces & Day & Partners,United Kingdom,Birmingham,1985,true,2018-01-18 16:57:51,2022-08-06 07:05:19
F0129,Kirkland & Lipton Law Group,Japan,Tokyo,2008,true,2016-06-12 02:53:58,2021-09-29 23:03:31
F0130,Haynes & Emanuel Solicitors,Netherlands,Amsterdam,1915,true,2016-12-22 09:13:30,2022-12-18 08:54:53
F0131,Fried & Ellis LLP,Sweden,Stockholm,1963,true,2017-06-12 15:22:16,2023-11-19 15:09:53
F0132,Irwin & Emanuel Solicitors,UAE,Abu Dhabi,1927,true,2020-06-08 02:43:21,2022-10-22 03:23:01
F0133,DAC & Cromwell Legal,Singapore,Singapore,1997,true,2015-11-28 08:38:39,2022-01-04 11:40:10
F0134,Howard & Lovells & Associates,Hong Kong,Hong Kong,1852,true,2015-03-10 03:56:05,2024-07-13 10:02:35
F0135,Forbes & Milbank & Associates,Japan,Tokyo,1908,true,2020-02-28 00:56:43,2024-03-03 14:01:53
F0136,Hawkins & Emanuel LLP,Canada,Vancouver,2010,true,2020-05-31 21:40:10,2021-10-23 08:38:03
F0137,DWF & Chance Legal,Japan,Tokyo,1883,true,2017-08-17 19:42:18,2024-05-10 01:31:47
F0138,Berwin & Cohen Legal,Australia,Brisbane,1985,true,2018-07-14 22:09:22,2021-09-30 20:20:11
F0139,Fletcher & Steen & Associates,Australia,Melbourne,1936,true,2017-03-09 09:04:40,2024-11-20 22:12:53
F0140,Boodle & Hadley Law Group,Netherlands,Amsterdam,1992,true,2016-03-13 07:36:13,2024-03-17 12:48:19
F0141,Freshfields & Smith Solicitors,Ireland,Dublin,1944,true,2015-02-13 05:51:01,2022-02-15 19:43:49
F0142,Haynes & Wright LLP,Japan,Osaka,1909,true,2019-12-22 03:57:35,2022-08-15 21:39:36
F0143,Hill & Sutherland Solicitors,UAE,Abu Dhabi,1927,true,2020-03-10 11:01:33,2021-12-10 21:10:02
F0144,Eversheds & Porter Solicitors,United States,Los Angeles,1879,true,2015-05-21 21:18:11,2025-01-09 23:11:13
F0145,Curtis & Cravath Law Group,Sweden,Stockholm,2000,true,2018-04-22 11:32:00,2022-12-06 17:03:54
F0146,Foot & Lipton Law Group,Germany,Hamburg,1921,true,2020-07-27 18:30:59,2021-06-03 19:47:38
F0147,Bryan & Tweed Legal,Canada,Vancouver,1875,false,2018-10-09 13:02:20,2022-11-22 19:27:47
F0148,Charles & May LLP,Canada,Montreal,1966,true,2015-07-08 02:56:31,2022-09-11 11:43:18
F0149,Connell & Masons LLP,France,Paris,1994,true,2015-06-07 03:24:25,2024-05-07 05:49:42
F0150,Browne & Cave LLP,Belgium,Brussels,2002,true,2019-12-27 19:53:31,2021-12-02 11:14:59
F0151,Burges & Steen LLP,Belgium,Brussels,1878,true,2016-02-08 20:54:57,2023-04-20 04:41:31
F0152,Bryan & Sullivan Legal,United Kingdom,Manchester,1854,true,2015-02-16 04:03:58,2022-07-11 12:14:24
F0153,Osborne & Bartlett LLP,United Kingdom,Manchester,1971,true,2018-07-31 21:05:39,2023-03-29 05:53:24
F0154,Boodle & Lipton LLP,Canada,Toronto,1983,true,2018-11-05 07:58:01,2023-02-22 16:28:04
F0155,Debevoise & Case LLP,Japan,Tokyo,1975,true,2015-07-08 23:28:14,2023-01-15 01:44:23
F0156,Harris & Day LLP,Netherlands,Amsterdam,1882,true,2015-09-09 00:10:29,2022-05-16 09:11:56
F0157,Francis & Goddard Solicitors,Japan,Osaka,1979,true,2018-03-29 10:17:24,2023-07-18 00:22:57
F0158,Holman & Katz & Partners,United States,San Francisco,1960,true,2020-12-20 08:27:58,2021-06-27 17:39:56
F0159,Farrer & Lovells Law Group,France,Bordeaux,1874,true,2017-11-19 00:34:22,2024-07-09 08:25:28
F0160,Hunter & Bockius Solicitors,Canada,Montreal,1867,true,2018-03-08 21:54:24,2021-08-26 02:47:29
F0161,Curtis & Steen LLP,United States,New York,1992,true,2018-09-03 19:02:50,2021-05-31 00:10:58
F0162,Dechert & Dickinson Law Group,Spain,Barcelona,1863,false,2020-09-12 15:48:37,2021-07-09 21:06:45
F0163,Guildford & Hauer & Partners,UAE,Abu Dhabi,1889,true,2017-12-28 12:38:25,2021-06-10 22:30:32
F0164,Gowling & Wright LLP,France,Paris,1921,true,2017-12-23 18:23:28,2024-08-06 05:48:19
F0165,Hawkins & Lipton LLP,Ireland,Dublin,2005,true,2019-10-09 20:38:02,2024-04-07 03:57:30
F0166,Charles & Moore & Associates,Belgium,Brussels,1936,true,2015-03-31 22:54:21,2021-10-08 06:23:55
F0167,Debevoise & Sutherland LLP,Germany,Berlin,2012,false,2019-10-26 11:57:41,2023-10-19 03:35:03
F0168,DAC & Weiss Solicitors,United States,Boston,1937,true,2019-07-07 03:39:22,2021-12-01 04:44:06
F0169,Kirkland & McCloy LLP,Australia,Brisbane,1889,true,2019-10-30 10:50:34,2023-07-16 04:50:00
F0170,Charles & Manges Law Group,UAE,Dubai,1974,true,2020-09-24 22:44:59,2021-05-07 17:34:47
F0171,Forsters & Smith Legal,Singapore,Singapore,1960,true,2016-10-31 17:59:13,2024-03-18 18:19:13
F0172,Coffin & Chance & Partners,Japan,Osaka,1951,false,2019-06-26 03:03:17,2023-11-03 08:30:16
F0173,Bond & Cleary LLP,United Kingdom,London,1915,true,2016-09-27 02:53:35,2022-04-14 05:43:41
F0174,Druces & Watkins LLP,United States,New York,1947,true,2019-03-26 07:44:17,2024-03-06 10:42:18
F0175,Freshfields & Case LLP,France,Marseille,1967,true,2015-08-12 22:20:18,2022-09-09 19:53:10
F0176,Guildford & Lovells Law Group,Belgium,Brussels,1924,true,2019-11-24 19:42:53,2022-10-29 20:52:41
F0177,Hawkins & Thomas Legal,United Kingdom,Birmingham,1872,true,2016-06-17 23:47:35,2024-05-29 19:27:18
F0178,Debevoise & Feld LLP,United States,Los Angeles,1951,true,2018-09-15 14:23:46,2023-07-04 18:42:46
F0179,White & Sutherland LLP,Hong Kong,Hong Kong,1985,true,2016-11-19 09:36:36,2022-06-02 09:41:53
F0180,Hill & Hamilton LLP,Sweden,Stockholm,1910,true,2017-12-26 19:53:36,2024-02-04 22:39:30
F0181,Taylor & Latham LLP,Australia,Melbourne,1895,false,2016-06-23 01:01:29,2023-07-25 19:03:43
F0182,Greenberg & Latham Solicitors,Japan,Osaka,1994,true,2018-12-12 10:50:53,2024-03-17 23:46:44
F0183,Taylor & Manges LLP,UAE,Abu Dhabi,1970,true,2020-05-02 16:43:10,2022-05-07 02:30:44
F0184,Cripps & Hauer LLP,Australia,Brisbane,1929,true,2020-01-12 11:27:12,2021-03-29 06:14:54
F0185,Clarke & Sutherland LLP,United Kingdom,London,2007,true,2018-02-19 15:04:05,2024-07-15 23:53:52
F0186,Freshfields & Manges & Partners,Singapore,Singapore,1932,true,2019-12-09 00:29:48,2023-05-12 02:24:43
F0187,Norton & Steen Legal,Spain,Madrid,1871,true,2015-07-12 05:38:15,2022-12-01 20:43:08
F0188,DWF & Manges LLP,Germany,Frankfurt,1943,true,2017-02-08 17:06:39,2024-01-05 06:02:57
F0189,Cooper & Swaine LLP,Australia,Perth,2011,true,2018-06-24 00:03:18,2024-04-18 02:08:24
F0190,Hunt & Browne & Associates,United States,Chicago,1914,true,2015-10-21 14:52:26,2023-05-17 18:22:34
F0191,Haines & Cravath LLP,Japan,Tokyo,1939,true,2017-11-01 17:16:31,2021-05-07 14:36:51
F0192,Kirkland & Porter Law Group,Japan,Osaka,2014,true,2016-02-05 15:19:56,2023-07-14 08:44:41
F0193,Hunter & Lewis LLP,Belgium,Brussels,2015,true,2020-09-12 23:30:01,2023-12-28 19:26:02
F0194,Coffin & Watkins & Partners,Spain,Barcelona,1937,true,2015-02-26 15:22:03,2022-07-18 06:37:15
F0195,Taylor & Sutherland & Associates,Netherlands,Amsterdam,1875,true,2016-12-04 20:16:25,2021-08-02 16:48:29
F0196,Hawkins & Cohen Law Group,Spain,Madrid,1889,true,2020-08-18 13:01:17,2022-06-08 03:29:08
F0197,Dechert & Wright & Partners,Belgium,Brussels,1963,true,2018-09-21 19:17:41,2021-03-09 20:58:18
F0198,Bryan & Porter Solicitors,Ireland,Dublin,1899,true,2016-12-28 00:31:27,2023-04-10 13:22:43
F0199,Clarke & Cleary Law Group,UAE,Abu Dhabi,1978,true,2018-12-05 09:21:14,2024-04-10 06:44:54
F0200,Burges & Frank Solicitors,Germany,Berlin,1945,true,2020-02-22 14:58:28,2021-08-03 23:52:16
F0201,Pinsent & Goddard LLP,United States,Boston,1891,true,2019-05-22 20:59:31,2024-08-15 05:46:13
F0202,Boodle & Hamilton Solicitors,Sweden,Stockholm,1939,true,2018-09-21 04:19:07,2021-05-23 11:19:46
F0203,Curtis & Masons Law Group,Singapore,Singapore,1870,true,2018-05-16 17:45:00,2023-02-19 20:10:54
F0204,Holman & Cave LLP,United Kingdom,Birmingham,1885,true,2015-11-04 20:10:23,2024-07-27 14:45:34
F0205,Reed & Latham Solicitors,Sweden,Stockholm,1964,true,2020-12-02 14:53:20,2024-07-15 02:02:41
F0206,Bond & Milbank LLP,Sweden,Stockholm,1990,true,2015-03-01 01:01:57,2022-02-02 13:32:08
F0207,Clarke & Masons & Associates,UAE,Abu Dhabi,1881,true,2015-12-12 10:41:35,2024-04-20 17:48:47
F0208,Forbes & Wachtell LLP,Singapore,Singapore,2011,true,2015-07-15 03:14:27,2021-06-22 05:04:54
F0209,Allen & Lipton Legal,France,Lyon,1911,true,2017-06-23 22:48:48,2022-10-29 19:11:09
F0210,Francis & Wright LLP,Germany,Stuttgart,1984,true,2020-09-07 01:42:52,2021-05-13 23:55:10
F0211,Fladgate & Chance Law Group,Ireland,Dublin,1945,true,2018-04-28 02:20:25,2024-09-18 16:09:21
F0212,Bryan & Thacher LLP,United Kingdom,Birmingham,1998,true,2015-07-29 21:36:20,2022-06-20 15:10:07
F0213,Fried & Cave LLP,Canada,Vancouver,1968,false,2015-05-18 17:54:30,2022-07-02 06:39:37
F0214,Farrer & Chance & Associates,Netherlands,Amsterdam,1901,true,2016-02-23 23:20:14,2021-04-09 00:33:30
F0215,Coffin & Hauer Law Group,France,Paris,1989,true,2017-09-07 12:31:46,2024-12-20 22:35:32
F0216,Cripps & Hadley LLP,United Kingdom,Leeds,1934,true,2016-08-16 17:42:17,2022-03-21 10:59:14
F0217,Debevoise & Bartlett Solicitors,Ireland,Dublin,1948,true,2018-09-19 13:27:22,2024-10-13 18:27:39
F0218,Curtis & Bockius & Associates,Germany,Hamburg,1871,true,2020-11-20 04:22:00,2023-02-12 21:00:59
F0219,Arnold & Skadden & Associates,United States,Houston,1932,true,2020-02-15 18:10:24,2024-07-01 11:06:18
F0220,Harris & Simpson Law Group,Canada,Montreal,1892,true,2017-08-10 05:59:15,2022-11-24 16:56:40
F0221,Cripps & Lipton Law Group,Canada,Calgary,1920,true,2015-05-12 14:13:46,2024-02-04 01:36:16
F0222,Haynes & Lovells Legal,Ireland,Dublin,1981,true,2015-08-22 03:28:29,2023-11-09 15:32:56
F0223,Harris & Swaine Solicitors,Japan,Tokyo,1858,true,2015-04-07 18:00:47,2021-08-10 19:12:15
F0224,Greenberg & Chance LLP,France,Marseille,1965,true,2018-01-30 03:54:17,2022-08-18 17:50:47
F0225,Reed & Feld Legal,Canada,Calgary,1951,true,2015-08-27 20:59:35,2023-06-11 13:21:17
F0226,Arnold & Green Law Group,Australia,Melbourne,1993,true,2015-12-19 11:20:31,2021-02-10 06:07:09
F0227,Bond & Lipton & Associates,Ireland,Dublin,1975,true,2020-12-27 08:51:51,2022-11-25 06:16:03
F0228,DWF & Bruckhaus Legal,Germany,Frankfurt,1938,true,2018-11-05 10:44:45,2021-09-26 05:05:44
F0229,Weil & Simpson LLP,Spain,Barcelona,1942,true,2017-07-20 22:23:27,2024-08-15 13:04:40
F0230,Forbes & McKenzie Legal,United States,Los Angeles,1991,true,2016-03-07 11:24:36,2022-01-03 18:09:52
F0231,Linklaters & Sutherland & Associates,Netherlands,Amsterdam,1951,false,2020-03-16 06:10:36,2024-10-05 15:05:49
F0232,Dechert & Hamilton LLP,Hong Kong,Hong Kong,1882,false,2019-06-22 06:42:33,2022-10-01 03:33:07
F0233,Hunter & Feld Legal,Japan,Tokyo,1882,true,2018-10-30 00:31:48,2022-12-25 15:31:13
F0234,Ford & Lewis LLP,Ireland,Dublin,1881,true,2016-02-05 21:23:41,2022-11-04 01:10:43
F0235,Boodle & Dickinson & Associates,Australia,Melbourne,1870,true,2016-05-18 05:07:55,2022-05-17 05:39:52
F0236,Cobbetts & Lipton LLP,Japan,Osaka,1978,true,2016-01-24 21:22:24,2023-08-29 22:31:21
F0237,Hawkins & Thacher Legal,UAE,Dubai,1994,true,2016-06-15 21:38:36,2023-10-21 07:20:29
F0238,Hill & Cleary & Associates,Belgium,Brussels,1903,true,2015-09-10 08:24:54,2021-03-12 14:56:19
F0239,Haworth & Skadden & Associates,Singapore,Singapore,2014,false,2019-03-28 08:24:32,2024-10-13 00:12:21
F0240,Cobbetts & Thomas LLP,Netherlands,Amsterdam,1865,true,2020-10-29 04:37:08,2022-09-23 20:13:36
F0241,Cooper & Wachtell LLP,Singapore,Singapore,1930,true,2018-12-13 23:19:03,2021-11-13 22:31:45
F0242,Curtis & Hauer LLP,Canada,Montreal,1931,true,2018-05-23 18:27:55,2021-07-23 03:18:55
F0243,Slaughter & Dunn LLP,United States,Chicago,1924,true,2018-10-28 20:18:30,2022-01-21 03:05:09
F0244,Weil & Hamilton Legal,Belgium,Brussels,1997,true,2017-02-10 08:22:24,2024-09-06 05:00:06
F0245,Fieldfisher & Green & Associates,France,Lyon,1977,true,2019-03-29 01:22:16,2023-03-11 14:19:58
F0246,Haines & Dickinson LLP,Singapore,Singapore,1862,true,2017-01-17 22:01:43,2021-12-01 05:09:55
F0247,Baker & Tweed LLP,UAE,Abu Dhabi,1960,true,2017-06-06 18:56:37,2023-04-14 17:16:53
F0248,Freshfields & Lovells LLP,Australia,Brisbane,1995,true,2018-06-06 20:48:11,2022-07-23 11:08:00
F0249,Ford & Manges & Associates,Canada,Montreal,2009,true,2015-08-17 10:55:28,2022-08-24 04:07:41
F0250,Curtis & Gottlieb Legal,United States,Los Angeles,1992,true,2015-10-28 09:05:38,2022-09-04 21:47:41
F0251,Forsters & Lovells LLP,Ireland,Dublin,1861,true,2016-09-10 10:49:53,2023-07-25 21:26:48
F0252,Farrer & Day LLP,Hong Kong,Hong Kong,1933,true,2019-01-11 20:55:27,2023-03-18 18:07:36
F0253,Cobbetts & Sullivan Legal,Canada,Vancouver,1979,true,2018-05-05 20:49:02,2023-08-16 16:48:14
F0254,Fladgate & Hamilton LLP,Spain,Barcelona,1944,true,2019-10-15 22:40:30,2022-04-11 17:00:08
F0255,Irwin & Rosen LLP,United States,Houston,2002,true,2019-12-19 11:59:10,2022-04-23 23:03:39
F0256,Fletcher & Ellis Law Group,Japan,Tokyo,1887,true,2015-06-09 13:19:06,2023-06-26 11:19:28
F0257,Osborne & May LLP,France,Paris,1962,true,2019-11-14 21:56:00,2023-12-25 05:18:45
F0258,Dechert & Hauer Solicitors,Germany,Hamburg,1865,true,2020-11-15 07:25:53,2021-11-13 17:37:58
F0259,Howard & Strauss Law Group,Spain,Madrid,1930,false,2019-10-09 14:44:56,2022-05-20 22:43:29
F0260,Hunt & Cleary & Associates,Netherlands,Rotterdam,2006,true,2019-08-25 05:05:00,2022-07-05 08:46:34
F0261,Boodle & Porter & Associates,France,Marseille,1903,true,2019-09-30 21:57:24,2022-04-09 16:51:19
F0262,Gowling & Bockius & Associates,Netherlands,Rotterdam,1923,true,2019-01-30 16:44:10,2022-06-26 20:19:29
F0263,Covington & Cleary LLP,Japan,Osaka,1924,true,2018-05-10 18:28:18,2024-06-25 07:19:23
F0264,DWF & Katz & Associates,Hong Kong,Hong Kong,1972,true,2017-12-12 02:44:07,2024-12-06 09:34:33
F0265,Charles & Cohen LLP,Belgium,Brussels,2007,true,2019-10-13 03:06:03,2023-12-18 11:08:50
F0266,Francis & Clarke & Partners,France,Lyon,1863,true,2015-06-07 17:20:40,2023-11-07 13:13:12
F0267,Reed & Overy LLP,Canada,Calgary,1954,true,2015-11-09 09:10:17,2023-11-25 04:40:40
F0268,Berwin & Latham & Associates,Sweden,Stockholm,1932,true,2019-01-23 09:08:30,2023-10-08 13:50:25
F0269,Browne & Skadden LLP,United Kingdom,London,1894,true,2020-07-19 14:55:07,2023-06-11 21:14:34
F0270,Day & Gottlieb Solicitors,Belgium,Brussels,1897,true,2015-04-23 21:41:42,2024-07-22 23:54:53
F0271,Cobbetts & Cromwell LLP,Belgium,Brussels,1935,true,2015-04-27 09:40:51,2021-01-15 09:30:18
F0272,Ford & Thomas & Associates,Japan,Osaka,1899,true,2016-02-21 22:40:22,2024-08-15 01:48:24
F0273,Burges & Simpson LLP,Canada,Vancouver,1853,true,2018-11-26 19:08:34,2023-10-05 01:49:45
F0274,Ashurst & Watkins Law Group,Ireland,Dublin,1959,true,2019-10-31 00:50:11,2023-11-14 15:29:48
F0275,Arnold & Cohen Solicitors,United States,Houston,1932,true,2020-09-10 07:20:01,2021-05-29 04:12:52
F0276,Edwards & Latham & Associates,United Kingdom,Birmingham,1934,true,2018-04-06 17:22:47,2022-01-01 20:52:07
F0277,Crown & Moore & Partners,Hong Kong,Hong Kong,1865,true,2017-03-23 14:48:59,2023-10-13 11:04:56
F0278,Hunter & Hauer & Associates,Netherlands,Rotterdam,1880,true,2016-05-11 05:20:59,2022-09-22 19:01:36
F0279,Boodle & Cohen Solicitors,Australia,Brisbane,1889,true,2020-03-24 13:47:42,2021-12-10 01:51:23
F0280,Gateley & Lewis Solicitors,UAE,Abu Dhabi,1987,true,2018-07-15 23:41:47,2023-12-27 10:14:49
F0281,Harbottle & Hadley LLP,Belgium,Brussels,1984,true,2017-02-07 20:21:35,2023-11-23 20:59:06
F0282,Greenberg & Smith LLP,Hong Kong,Hong Kong,1990,true,2015-08-31 15:45:38,2024-11-25 21:21:40
F0283,Fox & Manges LLP,France,Lyon,1902,true,2016-05-26 04:46:46,2022-05-25 17:06:43
F0284,Herbert & Thomas LLP,Netherlands,Amsterdam,1981,true,2019-05-05 16:20:40,2022-11-24 00:47:54
F0285,Hunt & Steen & Associates,UAE,Dubai,1855,true,2019-10-03 02:56:20,2022-12-20 06:42:45
F0286,Jones & Chance Law Group,Belgium,Brussels,1938,true,2016-11-07 23:53:57,2023-06-18 09:00:24
F0287,Fladgate & Chance & Associates,Spain,Madrid,1954,true,2015-08-03 10:26:25,2024-12-21 13:40:34
F0288,Curtis & Morgan Law Group,Germany,Stuttgart,1964,true,2020-06-29 16:21:50,2022-10-16 00:13:44
F0289,Hunter & Cravath LLP,Sweden,Stockholm,1939,true,2018-03-13 02:09:41,2021-05-05 15:56:11
F0290,Boodle & Milbank LLP,Spain,Barcelona,1855,false,2019-07-02 01:21:29,2021-07-17 19:50:36
F0291,Browne & Masons Solicitors,Netherlands,Rotterdam,1938,true,2019-07-11 15:50:41,2022-08-13 04:27:05
F0292,Howard & Weiss LLP,France,Paris,1911,true,2015-04-11 02:17:48,2024-06-11 11:32:02
F0293,Harbottle & Swaine LLP,United States,Washington DC,1912,true,2015-04-15 07:37:42,2022-11-25 12:31:45
F0294,Bond & Latham LLP,Singapore,Singapore,1885,true,2016-12-29 01:36:10,2023-04-19 11:42:15
F0295,Guildford & Wachtell Legal,Australia,Melbourne,1910,true,2019-11-25 21:54:01,2022-05-11 09:35:29
F0296,Dechert & Porter & Associates,Germany,Stuttgart,1865,true,2019-06-08 11:17:45,2021-12-10 09:04:14
F0297,Dorsey & Slate Solicitors,UAE,Dubai,1862,false,2020-04-28 21:25:53,2023-11-21 09:38:19
F0298,Jackson & Weiss Law Group,Japan,Osaka,1888,true,2019-06-18 10:48:00,2022-05-11 03:16:54
F0299,Boodle & Porter LLP,Germany,Dusseldorf,1968,true,2019-01-11 04:07:20,2022-01-10 07:56:42
F0300,Francis & Cohen Law Group,Spain,Barcelona,1912,true,2018-07-18 01:04:38,2023-05-16 17:09:22
F0301,Curtis & Bruckhaus & Partners,Canada,Toronto,1863,true,2018-10-29 10:32:10,2024-08-08 23:25:18
F0302,Hall & Thacher & Partners,Japan,Tokyo,1972,true,2015-08-15 03:11:35,2021-10-20 07:14:09
F0303,Baker & Rose & Partners,Sweden,Stockholm,1880,true,2017-07-30 23:20:14,2024-11-13 01:45:31
F0304,Harris & Simpson & Partners,Ireland,Dublin,1951,true,2017-01-23 17:03:31,2023-12-17 14:49:39
F0305,Fieldfisher & Skadden Legal,Spain,Barcelona,1928,true,2017-05-29 10:25:25,2022-08-15 08:05:54
F0306,Fladgate & Latham Legal,Spain,Barcelona,1902,true,2018-12-18 19:46:55,2021-06-03 04:22:52
F0307,Boodle & Bartlett LLP,Singapore,Singapore,1854,true,2019-10-14 16:53:01,2024-09-04 07:25:04
F0308,Berwin & Cave & Partners,Sweden,Stockholm,1947,true,2017-07-06 03:07:56,2021-08-25 18:18:33
F0309,Hunter & Cave & Associates,France,Bordeaux,1975,false,2019-09-07 18:52:59,2023-10-14 21:33:13
F0310,Cripps & Ellis LLP,Japan,Osaka,1989,true,2018-12-02 17:54:02,2021-09-19 08:12:17
F0311,Jones & Hamilton LLP,Sweden,Stockholm,1851,true,2019-06-16 20:07:38,2021-02-22 13:02:27
F0312,Taylor & Overy & Partners,Belgium,Brussels,1979,true,2015-07-31 04:03:24,2024-01-04 13:11:32
F0313,Harrison & Lewis Solicitors,United Kingdom,Bristol,1974,true,2020-06-04 08:29:25,2023-11-02 18:25:04
F0314,Francis & Thacher & Associates,Spain,Barcelona,1987,false,2015-02-06 19:40:21,2021-01-26 23:35:45
F0315,Druces & Steen LLP,United Kingdom,Bristol,1877,true,2020-12-08 04:08:38,2023-11-14 01:46:11
F0316,Hawkins & Feld & Associates,Spain,Madrid,1940,true,2017-01-18 15:56:19,2021-10-26 03:44:44
F0317,Farrer & Cromwell & Partners,Singapore,Singapore,1907,true,2018-03-05 00:44:30,2022-09-23 17:47:56
F0318,Holman & Latham LLP,Belgium,Brussels,1873,true,2020-07-24 02:04:05,2024-08-26 04:43:45
F0319,Baker & Moore LLP,Singapore,Singapore,1871,true,2015-06-24 08:13:58,2023-09-17 03:41:20
F0320,Macfarlanes & Morgan LLP,Singapore,Singapore,1908,true,2019-10-25 01:19:41,2024-08-25 19:04:43
F0321,Jones & Swaine & Associates,Belgium,Brussels,1989,true,2017-04-22 06:18:44,2021-03-14 07:57:21
F0322,Bird & Sullivan LLP,United Kingdom,Manchester,1951,true,2017-09-04 01:40:42,2021-01-25 07:46:33
F0323,Greenberg & Milbank Law Group,Australia,Melbourne,1988,true,2019-10-19 03:46:17,2022-01-09 13:27:11
F0324,Kirkland & Hauer Legal,Ireland,Dublin,1863,true,2020-11-11 14:43:09,2024-01-30 22:46:29
F0325,Harrison & Wachtell Law Group,France,Paris,1933,true,2017-11-24 04:26:08,2023-07-30 02:19:33
F0326,Cripps & Slate Law Group,Australia,Perth,1960,true,2019-03-05 06:02:42,2021-12-21 09:36:56
F0327,Hawkins & Goddard & Partners,UAE,Abu Dhabi,1868,true,2015-09-24 05:48:59,2024-04-14 12:29:14
F0328,Davis & Lewis Legal,Germany,Hamburg,1877,true,2020-05-23 11:04:33,2021-08-28 15:51:33
F0329,Charles & Dunn LLP,Australia,Perth,1872,true,2018-01-23 05:23:36,2024-03-28 17:03:16
F0330,Linklaters & Dickinson LLP,Netherlands,Rotterdam,2002,true,2015-11-17 22:04:44,2021-02-10 19:06:53
F0331,Dechert & Browne LLP,Canada,Calgary,1993,true,2015-02-08 08:10:59,2022-03-30 08:51:28
F0332,White & Cohen & Associates,France,Lyon,1927,true,2020-10-30 04:51:51,2022-08-15 10:43:07
F0333,Charles & Weiss & Associates,Germany,Frankfurt,1973,true,2016-06-03 11:53:14,2022-11-07 05:54:21
F0334,Haworth & Green & Partners,Canada,Montreal,1967,true,2017-02-05 03:05:16,2024-01-25 21:04:46
F0335,Hawkins & Browne Legal,Australia,Sydney,1962,true,2018-05-14 08:55:57,2022-06-01 01:57:19
F0336,Harris & Moore & Partners,Belgium,Brussels,1972,true,2017-07-22 10:04:42,2022-05-14 03:15:48
F0337,Irwin & Rosen Solicitors,Singapore,Singapore,1997,true,2017-06-24 11:56:57,2024-02-16 14:06:07
F0338,Day & Wright LLP,Canada,Calgary,1994,true,2017-05-20 20:41:37,2024-06-22 09:07:18
F0339,Gateley & McKenzie Solicitors,Spain,Madrid,1903,true,2020-10-19 00:10:41,2024-04-07 10:52:11
F0340,Forbes & Cohen & Associates,Australia,Sydney,1911,true,2018-06-25 03:48:29,2023-11-12 10:25:31
F0341,DAC & Sutherland Solicitors,Germany,Stuttgart,2003,true,2018-08-07 14:42:25,2024-05-10 18:54:50
F0342,Crown & Moore LLP,Singapore,Singapore,1877,true,2019-08-17 01:07:28,2021-02-27 02:42:16
F0343,Harrison & Chance Law Group,Japan,Osaka,1934,false,2016-05-31 19:05:48,2023-10-03 01:54:09
F0344,Capsticks & Clarke & Partners,Singapore,Singapore,1964,true,2015-02-02 18:29:57,2021-06-03 04:19:08
F0345,Fletcher & Dunn & Associates,Netherlands,Amsterdam,1956,true,2017-12-07 18:37:57,2021-02-08 03:45:43
F0346,Coffin & Cave Solicitors,United States,New York,1902,true,2016-03-16 04:04:00,2022-06-26 02:38:00
F0347,Jackson & Manges Legal,Canada,Calgary,1867,true,2015-10-31 07:18:03,2022-11-12 16:00:36
F0348,Cooper & Katz LLP,Ireland,Dublin,1892,true,2015-03-12 04:04:04,2024-08-12 03:43:31
F0349,Gateley & Ellis Legal,Hong Kong,Hong Kong,1993,true,2019-05-23 03:17:39,2021-09-29 00:05:16
F0350,Arnold & Watkins Law Group,Netherlands,Amsterdam,1951,true,2018-06-12 10:31:32,2023-09-06 07:09:59
F0351,Dorsey & Browne LLP,UAE,Dubai,1904,true,2018-10-28 18:44:33,2023-07-09 22:56:02
F0352,Freshfields & Watkins Legal,Ireland,Dublin,1933,true,2019-11-29 18:10:49,2021-06-08 01:35:28
F0353,Foot & Feld Legal,United States,Chicago,2002,true,2020-09-14 19:07:22,2024-09-02 01:25:17
F0354,Farrer & Lipton LLP,Singapore,Singapore,1926,true,2017-12-16 23:08:29,2022-07-01 18:56:56
F0355,Cole & Smith & Partners,UAE,Dubai,1928,true,2020-09-19 04:09:36,2021-07-28 01:56:05
F0356,Dickson & Wachtell LLP,Canada,Vancouver,1997,true,2019-05-07 01:51:46,2022-08-27 10:57:37
F0357,Irwin & Lewis LLP,Germany,Hamburg,1992,true,2020-05-28 10:26:12,2023-04-15 18:57:04
F0358,Edwards & Lipton LLP,Australia,Melbourne,1941,false,2016-08-04 07:04:52,2022-05-04 16:23:34
F0359,Davis & Slate Solicitors,Netherlands,Amsterdam,1954,true,2016-08-29 05:50:04,2024-06-20 09:27:11
F0360,Kirkland & Cromwell LLP,Singapore,Singapore,1906,true,2019-02-27 08:04:37,2021-09-17 19:39:43
F0361,White & Cleary Solicitors,Australia,Melbourne,1994,true,2019-07-29 07:00:14,2022-03-25 10:24:33
F0362,Osborne & Cromwell LLP,Ireland,Dublin,1918,true,2019-09-04 22:33:18,2023-03-05 12:13:38
F0363,Freshfields & Latham Solicitors,Belgium,Brussels,1989,true,2019-08-12 01:41:00,2024-07-01 21:09:29
F0364,Burgess & Porter LLP,Singapore,Singapore,1965,true,2020-07-23 21:17:41,2024-03-13 04:11:25
F0365,Pinsent & Cleary & Partners,Belgium,Brussels,1903,true,2018-09-26 03:25:28,2024-09-06 04:22:00
F0366,Dorsey & Ellis LLP,UAE,Abu Dhabi,1902,true,2020-03-11 00:25:04,2023-09-10 23:23:56
F0367,Freshfields & Lowell LLP,Ireland,Dublin,1932,false,2019-11-07 03:49:27,2022-06-29 23:20:56
F0368,Forsters & Morgan LLP,Australia,Brisbane,1884,false,2019-11-15 10:15:37,2022-02-20 07:16:18
F0369,Holman & Cohen LLP,Ireland,Dublin,1913,true,2015-07-04 04:40:33,2022-03-07 19:22:14
F0370,Foot & Day & Associates,Canada,Vancouver,2010,true,2020-10-01 23:42:11,2022-09-03 00:56:42
F0371,Linklaters & Lovells & Associates,Netherlands,Amsterdam,1944,true,2020-05-22 14:42:37,2024-05-19 08:47:02
F0372,Linklaters & Thacher Solicitors,Netherlands,Rotterdam,2012,true,2019-12-14 01:45:03,2021-01-04 20:12:11
F0373,Bond & Case & Partners,Canada,Toronto,1976,true,2019-07-19 09:34:35,2022-09-10 19:55:20
F0374,Guildford & Cohen Solicitors,Belgium,Brussels,1937,true,2017-11-15 08:50:59,2023-05-01 05:12:56
F0375,Haworth & Gottlieb Solicitors,Ireland,Dublin,1854,true,2015-05-23 17:45:11,2021-06-04 16:24:55
F0376,Allen & Case & Partners,Belgium,Brussels,1883,true,2018-10-03 00:39:55,2022-12-11 04:13:47
F0377,Holman & Wright & Associates,Australia,Melbourne,1871,true,2017-05-01 08:22:19,2021-05-25 23:58:00
F0378,Haworth & Porter & Partners,Sweden,Stockholm,1959,true,2015-06-10 21:32:20,2022-09-08 16:41:04
F0379,Fletcher & Sutherland LLP,Hong Kong,Hong Kong,2001,true,2015-01-04 09:00:03,2021-11-28 12:55:05
F0380,Jackson & Cave LLP,Japan,Osaka,1958,true,2015-01-29 20:29:06,2021-01-13 12:35:39
F0381,Linklaters & Thacher LLP,Netherlands,Amsterdam,1876,true,2016-12-12 07:30:56,2022-08-19 01:52:55
F0382,Reed & Katz LLP,Sweden,Stockholm,1867,true,2016-03-02 01:06:04,2022-08-18 12:52:29
F0383,DWF & Dickinson & Partners,United Kingdom,Bristol,2010,true,2020-07-12 13:01:12,2021-09-12 22:42:30
F0384,DWF & Hadley & Partners,Sweden,Stockholm,1872,true,2020-03-29 01:57:24,2023-12-03 13:02:31
F0385,Davis & Dickinson Law Group,Germany,Frankfurt,1930,true,2020-01-06 17:49:02,2024-02-09 00:42:49
F0386,Burgess & Slate & Associates,France,Marseille,1856,true,2020-06-25 18:23:37,2021-05-11 21:01:11
F0387,Harris & Hauer & Partners,Japan,Osaka,1950,true,2016-09-30 07:08:35,2023-03-16 07:05:11
F0388,Osborne & Masons Solicitors,United Kingdom,Manchester,2013,true,2019-03-18 13:30:10,2022-08-23 10:51:25
F0389,Cole & Cohen Law Group,Spain,Madrid,1995,true,2018-01-26 21:26:01,2024-12-21 19:13:31
F0390,Jones & McKenzie LLP,Spain,Madrid,1853,true,2019-01-03 09:23:45,2024-04-11 17:21:55
F0391,Clarke & Rosen Law Group,United Kingdom,London,1958,true,2018-05-21 11:10:07,2023-02-26 23:48:44
F0392,Harrison & Day & Associates,United States,Boston,1871,true,2019-07-26 01:10:21,2023-04-16 05:14:40
F0393,Collyer & Lovells LLP,Spain,Madrid,1929,true,2016-04-27 17:45:31,2023-04-14 06:04:30
F0394,Linklaters & Bockius Law Group,Hong Kong,Hong Kong,1879,true,2015-06-29 21:46:49,2022-01-15 18:51:57
F0395,Howard & Bartlett LLP,UAE,Dubai,1880,true,2017-08-18 22:20:19,2023-11-01 17:14:47
F0396,Forbes & Dickinson & Associates,Germany,Stuttgart,1892,true,2015-02-05 06:21:44,2021-09-12 12:07:23
F0397,Dentons & Cave Law Group,Hong Kong,Hong Kong,1919,true,2016-01-02 18:56:49,2024-04-13 09:00:20
F0398,Forsters & Wright LLP,Australia,Sydney,1977,true,2019-03-22 11:26:39,2022-12-09 03:00:11
F0399,Norton & Morgan LLP,Germany,Munich,1908,true,2016-05-03 17:52:56,2022-02-01 07:25:00
F0400,Freshfields & Strauss Legal,United Kingdom,London,1948,true,2015-02-08 04:15:55,2022-01-15 21:32:20
F0401,Holman & Weiss & Partners,Germany,Frankfurt,1932,true,2019-09-14 16:35:10,2024-06-01 14:18:55
F0402,Jones & Cromwell Legal,Sweden,Stockholm,1880,true,2017-04-22 18:27:33,2024-07-07 03:24:00
F0403,Fox & Chance Law Group,Sweden,Stockholm,1867,true,2016-07-11 04:53:03,2021-12-13 16:56:31
F0404,Linklaters & Slate Solicitors,Belgium,Brussels,1852,true,2017-08-23 07:18:19,2022-05-24 10:39:46
F0405,Fieldfisher & Wright Solicitors,Australia,Brisbane,1900,true,2020-04-18 17:11:02,2022-01-12 20:11:12
F0406,Dechert & McKenzie & Partners,Spain,Madrid,1988,true,2016-04-12 19:02:35,2021-01-10 21:47:04
F0407,Howard & Browne & Associates,Belgium,Brussels,1876,true,2017-11-06 20:42:21,2021-01-03 06:30:31
F0408,Slaughter & Simpson & Associates,France,Bordeaux,1873,true,2019-03-09 16:19:55,2021-04-04 01:03:00
F0409,Curtis & Thomas LLP,France,Bordeaux,1998,true,2020-12-17 10:55:58,2024-10-23 05:33:56
F0410,Hall & Cromwell LLP,Germany,Stuttgart,1961,true,2018-05-10 04:57:49,2021-04-27 05:52:57
F0411,Cole & Bockius Law Group,Germany,Berlin,1933,true,2017-06-25 04:56:27,2022-02-10 10:26:50
F0412,Berwin & Cohen LLP,Australia,Melbourne,1889,true,2015-08-21 01:05:54,2025-01-05 18:16:06
F0413,Pinsent & Skadden Legal,Netherlands,Rotterdam,1903,true,2017-09-02 16:01:09,2022-09-24 11:53:11
F0414,Weil & Steen & Associates,Netherlands,Rotterdam,2004,true,2016-01-08 13:24:11,2021-05-21 11:08:06
F0415,Burgess & Dickinson Law Group,Belgium,Brussels,1981,true,2016-04-05 19:49:27,2021-05-22 16:39:48
F0416,Debevoise & Tweed Solicitors,Australia,Brisbane,1992,true,2016-06-24 04:31:05,2021-02-18 06:49:27
F0417,Reed & Smith LLP,France,Paris,1865,true,2018-12-06 12:26:30,2021-06-08 07:22:52
F0418,Debevoise & Wright LLP,France,Lyon,1999,true,2016-09-07 13:52:10,2024-07-03 12:46:14
F0419,Berwin & Morgan Solicitors,Sweden,Stockholm,1882,true,2015-03-09 17:32:20,2021-04-11 03:41:30
F0420,Fieldfisher & Frank LLP,Belgium,Brussels,1996,true,2016-01-16 16:19:29,2021-03-08 07:50:02
F0421,DAC & Swaine Law Group,Hong Kong,Hong Kong,1894,true,2019-03-22 09:51:55,2021-02-15 19:10:46
F0422,Edwards & McCloy LLP,Sweden,Stockholm,1858,true,2017-05-04 08:07:37,2022-03-11 17:44:02
F0423,Forbes & Weiss Solicitors,UAE,Dubai,1865,true,2020-07-04 00:34:32,2022-04-04 10:19:04
F0424,Hill & McCloy & Partners,Singapore,Singapore,2011,false,2018-07-26 12:24:51,2021-11-06 20:19:33
F0425,Cripps & Strauss Solicitors,Spain,Madrid,1938,true,2018-04-03 09:07:26,2024-04-29 15:55:57
F0426,Arnold & McKenzie Legal,Spain,Barcelona,2002,true,2018-04-21 15:48:25,2022-02-25 02:34:23
F0427,Fladgate & Feld Legal,Sweden,Stockholm,1999,false,2015-07-02 00:52:43,2024-06-10 04:48:06
F0428,Bryan & Lowell LLP,Germany,Frankfurt,1906,true,2017-02-09 01:33:41,2023-10-18 09:40:50
F0429,Addleshaw & Watkins & Partners,Ireland,Dublin,2001,true,2018-01-07 08:09:02,2024-12-23 19:00:28
F0430,Jackson & Dickinson LLP,Hong Kong,Hong Kong,1994,true,2020-01-12 22:05:49,2021-02-13 19:37:01
F0431,Addleshaw & Green LLP,Belgium,Brussels,1873,true,2019-08-12 07:44:25,2022-04-26 02:20:01
F0432,Fletcher & Overy Legal,UAE,Dubai,2007,true,2015-03-03 21:56:19,2023-03-29 19:25:23
F0433,Collyer & Frank LLP,Germany,Munich,1887,true,2016-07-05 08:22:01,2024-11-28 06:37:49
F0434,Francis & Hadley Legal,Sweden,Stockholm,1868,true,2015-12-11 14:50:18,2024-08-07 23:05:41
F0435,Cooper & Porter Legal,Japan,Osaka,1884,false,2019-12-26 16:34:11,2021-06-06 22:45:08
F0436,Holman & Lewis LLP,Hong Kong,Hong Kong,1993,true,2020-06-09 03:07:36,2023-01-27 20:07:59
F0437,Hall & Hamilton LLP,Sweden,Stockholm,1946,true,2016-11-24 13:46:22,2023-10-31 20:49:08
F0438,Allen & Moore Law Group,Hong Kong,Hong Kong,1995,true,2016-01-31 15:46:57,2021-10-04 01:26:42
F0439,Haynes & Cromwell LLP,UAE,Abu Dhabi,1977,true,2020-03-14 11:52:58,2021-12-10 03:34:18
F0440,Cole & Ellis LLP,Hong Kong,Hong Kong,2013,true,2017-01-09 10:15:45,2022-06-23 18:01:06
F0441,Bird & Masons LLP,Canada,Calgary,1939,true,2015-02-05 09:43:09,2022-02-16 23:50:11
F0442,Davis & Manges Law Group,United States,Boston,1892,true,2015-01-04 23:31:48,2021-03-16 19:04:02
F0443,DAC & Dunn Solicitors,Netherlands,Rotterdam,1997,true,2017-12-27 05:41:39,2023-04-29 05:14:56
F0444,Jones & Steen LLP,Japan,Tokyo,1925,true,2016-05-20 08:32:54,2022-12-03 01:12:52
F0445,White & McCloy Law Group,Australia,Sydney,1891,true,2015-08-19 12:46:58,2022-06-15 23:32:00
F0446,Harrison & Morgan Solicitors,Spain,Madrid,1857,true,2017-11-15 23:25:18,2023-07-12 19:03:49
F0447,Druces & Ellis LLP,Japan,Tokyo,1875,true,2020-03-01 20:53:03,2024-10-14 04:24:22
F0448,Fried & Emanuel & Associates,France,Bordeaux,1926,true,2020-12-06 02:45:15,2023-05-11 18:48:31
F0449,Foot & Day LLP,United Kingdom,Edinburgh,1942,true,2019-11-12 10:14:49,2023-05-04 20:54:29
F0450,Harbottle & Strauss & Partners,United States,Chicago,1874,true,2020-08-18 19:48:20,2023-08-30 01:04:47
F0451,Fladgate & Tweed LLP,Germany,Stuttgart,1928,true,2017-06-25 15:02:22,2021-05-08 06:47:56
F0452,Linklaters & Katz Law Group,Netherlands,Rotterdam,1897,true,2020-08-15 18:43:09,2022-02-16 16:04:48
F0453,Freshfields & Emanuel Solicitors,Singapore,Singapore,1969,true,2016-08-02 16:37:56,2022-11-24 11:42:24
F0454,Taylor & Latham LLP,Belgium,Brussels,1871,true,2019-10-20 01:16:30,2021-04-06 18:04:56
F0455,Gateley & Frank Law Group,Ireland,Dublin,1983,true,2020-01-07 05:11:27,2021-12-20 10:17:25
F0456,Bryan & Strauss & Associates,Spain,Barcelona,1870,true,2019-11-15 08:40:20,2024-10-01 14:26:19
F0457,Fox & Steen LLP,Belgium,Brussels,1880,true,2019-04-09 23:23:56,2023-06-07 08:37:21
F0458,Ashurst & Cohen LLP,Netherlands,Amsterdam,1958,true,2016-06-03 08:42:35,2021-11-26 03:50:15
F0459,Haworth & Day & Associates,Japan,Osaka,1931,true,2016-09-19 08:11:33,2024-07-01 19:24:35
F0460,Gowling & Lovells Legal,Sweden,Stockholm,1920,true,2015-09-28 09:14:11,2022-08-26 21:23:06
F0461,Hall & Feld Law Group,Sweden,Stockholm,1878,true,2020-12-16 02:30:46,2023-08-26 21:16:59
F0462,Macfarlanes & Bockius LLP,Germany,Dusseldorf,1994,true,2020-01-01 15:32:47,2023-06-25 03:46:34
F0463,Covington & McCloy Law Group,Ireland,Dublin,1917,true,2019-07-23 03:43:36,2024-09-29 05:50:25
F0464,Charles & Lovells LLP,Netherlands,Rotterdam,2008,true,2015-04-27 09:38:34,2021-09-25 12:04:16
F0465,Connell & Moore & Partners,Hong Kong,Hong Kong,1862,true,2015-05-01 11:50:07,2022-09-07 20:13:22
F0466,Cooper & Hamilton & Associates,Sweden,Stockholm,1929,true,2018-03-03 03:11:28,2021-02-01 10:20:12
F0467,Cobbetts & Bartlett Solicitors,Netherlands,Amsterdam,1932,true,2016-12-09 05:44:12,2021-07-28 18:15:19
F0468,Bond & Lewis Law Group,Singapore,Singapore,1974,true,2016-08-06 21:30:03,2022-11-18 04:23:18
F0469,Weil & Sutherland & Associates,Belgium,Brussels,1979,true,2015-06-24 15:00:35,2023-03-12 10:38:48
F0470,Berwin & Milbank LLP,Ireland,Dublin,1913,true,2016-06-23 18:47:47,2021-10-27 10:44:31
F0471,Charles & Wright Solicitors,United Kingdom,Birmingham,1979,true,2020-12-29 05:18:54,2021-11-06 07:21:01
F0472,Bryan & Wright Solicitors,Sweden,Stockholm,2002,true,2020-10-17 08:02:30,2021-02-17 11:28:42
F0473,Covington & Dickinson LLP,Belgium,Brussels,1916,true,2019-12-29 08:57:47,2023-05-07 11:12:39
F0474,Davis & Frank LLP,Hong Kong,Hong Kong,1996,true,2017-06-04 16:18:49,2021-02-12 15:25:42
F0475,Hunt & Rose & Associates,France,Lyon,1954,true,2020-07-04 08:08:37,2021-12-16 16:47:06
F0476,Quinn & Katz LLP,Belgium,Brussels,2003,true,2019-01-12 23:14:58,2024-11-16 23:45:31
F0477,Coffin & Simpson & Associates,France,Marseille,1958,true,2020-03-05 01:24:27,2024-06-04 15:45:55
F0478,Bond & Thomas & Associates,Belgium,Brussels,1983,true,2018-11-27 01:22:22,2022-01-27 11:11:34
F0479,Howard & Milbank Legal,Singapore,Singapore,1993,true,2015-01-23 19:52:29,2023-03-06 14:36:48
F0480,Norton & Strauss LLP,UAE,Abu Dhabi,1936,false,2017-07-16 07:58:41,2023-11-30 04:46:16
F0481,Holman & Simpson & Associates,Japan,Osaka,1898,true,2017-05-10 06:02:12,2022-02-10 16:15:44
F0482,Harbottle & Lovells Legal,Ireland,Dublin,1885,true,2015-06-26 09:25:34,2024-06-05 04:36:00
F0483,Dickson & Lovells Law Group,Japan,Osaka,1859,true,2017-07-07 09:52:45,2022-02-08 00:06:44
F0484,Boodle & Swaine Solicitors,UAE,Dubai,1941,true,2017-12-02 04:23:23,2024-02-03 15:44:33
F0485,Gowling & Watkins & Associates,Belgium,Brussels,1874,true,2020-08-05 03:18:16,2024-09-23 14:05:38
F0486,Arnold & Swaine Legal,Hong Kong,Hong Kong,1872,true,2019-10-03 20:25:16,2024-03-31 03:39:09
F0487,Connell & Wright & Associates,France,Marseille,1999,true,2018-07-30 08:42:24,2024-05-09 06:08:27
F0488,Haynes & Sullivan LLP,Belgium,Brussels,1970,true,2019-01-01 21:44:59,2021-03-25 09:13:18
F0489,Francis & Porter Law Group,Spain,Madrid,1863,true,2020-10-15 20:30:14,2022-08-16 21:39:35
F0490,Dechert & Cromwell Solicitors,Germany,Berlin,1886,true,2016-09-14 07:11:47,2022-06-17 07:39:33
F0491,Connell & Rosen LLP,Hong Kong,Hong Kong,1930,true,2015-09-09 01:44:22,2023-01-28 10:19:53
F0492,White & Cromwell LLP,United Kingdom,Edinburgh,1975,true,2017-04-29 19:42:56,2021-11-22 06:20:25
F0493,Druces & Rosen Law Group,Ireland,Dublin,1953,true,2016-02-07 01:12:27,2023-08-13 13:27:54
F0494,Freshfields & May Legal,Netherlands,Rotterdam,1853,true,2015-01-15 12:09:23,2021-02-28 14:30:06
F0495,Allen & Rosen & Partners,Ireland,Dublin,1907,true,2015-02-25 15:55:23,2023-11-18 06:59:58
F0496,Davis & Hauer & Associates,Canada,Montreal,1892,true,2016-02-05 13:46:39,2021-06-09 13:14:24
F0497,Fox & Wachtell Legal,United Kingdom,Birmingham,1961,true,2017-06-22 13:41:31,2022-12-10 06:09:53
F0498,Ashurst & Ellis Law Group,Germany,Munich,1854,true,2019-03-03 22:22:18,2022-07-13 01:50:37
F0499,Clifford & Sullivan LLP,Hong Kong,Hong Kong,1881,true,2016-10-18 03:29:05,2024-02-15 08:21:36
F0500,Haynes & Emanuel LLP,Japan,Tokyo,2002,false,2018-03-11 16:22:31,2024-09-23 15:56:02
F0501,Clifford & Frank LLP,Japan,Tokyo,1956,true,2020-07-23 13:32:00,2024-07-22 20:48:48
F0502,Jackson & Day & Partners,United States,Washington DC,2011,true,2017-02-24 05:31:59,2023-01-07 22:46:38
F0503,Charles & Lipton LLP,Singapore,Singapore,1957,true,2020-08-20 06:18:37,2023-03-20 06:32:03
F0504,Clarke & Smith LLP,United States,Washington DC,1977,true,2020-04-03 02:53:53,2021-07-02 21:27:46
F0505,Cripps & Simpson Law Group,France,Marseille,1925,true,2019-06-14 08:36:02,2021-11-10 06:55:17
F0506,Fletcher & Cave & Partners,Spain,Barcelona,1850,true,2016-10-07 06:47:08,2023-12-06 02:06:05
F0507,Forbes & Day LLP,United States,New York,1980,true,2019-11-19 19:55:59,2023-11-06 06:56:43
F0508,Browne & Thomas & Associates,Hong Kong,Hong Kong,1917,true,2017-03-06 00:41:52,2023-09-28 22:37:00
F0509,Freshfields & Tweed & Associates,United States,San Francisco,1942,true,2016-06-26 18:42:39,2024-09-19 22:19:05
F0510,Freshfields & Overy LLP,Canada,Calgary,2015,true,2015-12-27 02:12:32,2021-05-28 13:47:58
F0511,Linklaters & Wright Legal,Canada,Calgary,1896,true,2020-04-15 21:17:35,2022-02-21 19:17:57
F0512,Davis & Moore Solicitors,Singapore,Singapore,1957,true,2017-04-24 13:20:39,2024-07-22 05:27:55
F0513,Jackson & Thacher LLP,Ireland,Dublin,1890,true,2015-12-18 06:06:29,2021-07-25 20:23:22
F0514,DWF & Watkins Law Group,Sweden,Stockholm,1941,true,2019-11-03 15:29:49,2023-11-20 20:19:45
F0515,Foot & Smith Law Group,Belgium,Brussels,1962,true,2019-02-09 21:01:46,2024-11-30 18:55:26
F0516,Hunt & Feld & Partners,Australia,Brisbane,1936,true,2015-02-08 09:38:38,2023-12-31 12:12:19
F0517,Burgess & Strauss Legal,Hong Kong,Hong Kong,2014,true,2018-09-06 19:28:45,2023-10-25 22:27:30
F0518,Weil & Hauer Solicitors,Belgium,Brussels,1976,true,2015-02-06 04:18:14,2023-09-27 11:38:33
F0519,Bryan & Cave & Associates,United States,San Francisco,1862,true,2019-03-08 11:55:45,2022-05-14 02:05:42
F0520,Bryan & Bruckhaus Solicitors,Spain,Barcelona,1963,true,2018-06-06 22:30:42,2024-06-23 07:49:09
F0521,Cole & Smith Solicitors,Netherlands,Amsterdam,1854,true,2019-03-29 15:35:03,2022-11-26 11:54:27
F0522,Allen & Hamilton LLP,Singapore,Singapore,2004,false,2019-09-27 22:41:56,2023-05-03 23:53:12
F0523,Bird & Katz Solicitors,Japan,Osaka,1937,true,2019-04-29 08:24:33,2023-05-24 13:16:40
F0524,Gowling & Cleary Solicitors,United Kingdom,Manchester,1943,true,2018-11-12 22:59:32,2022-05-31 16:50:11
F0525,Allen & Cave Legal,United States,New York,2012,false,2020-08-09 03:54:35,2021-12-11 11:19:53
F0526,Freshfields & Morgan LLP,Australia,Brisbane,1976,true,2020-12-21 08:04:34,2021-06-15 03:58:48
F0527,Harrison & May & Partners,Hong Kong,Hong Kong,1880,true,2015-11-29 07:37:41,2022-01-31 00:35:33
F0528,Ashurst & Simpson Legal,Singapore,Singapore,1877,true,2018-11-20 23:49:12,2024-07-04 21:36:23
F0529,Pinsent & Cleary Solicitors,United Kingdom,Leeds,1967,true,2020-09-19 06:31:22,2023-07-04 16:28:09
F0530,Francis & Bartlett LLP,Spain,Madrid,1991,true,2019-03-30 19:21:34,2021-01-07 17:43:06
F0531,Addleshaw & Moore LLP,Belgium,Brussels,1882,true,2019-04-29 08:02:53,2024-04-28 08:49:43
F0532,Davis & Weiss & Partners,Japan,Osaka,1920,true,2019-04-16 05:10:29,2024-10-01 04:37:19
F0533,Reed & Cohen Law Group,Canada,Montreal,2004,true,2018-11-07 22:37:22,2024-06-04 05:00:02
F0534,Cole & Simpson & Partners,Hong Kong,Hong Kong,1901,true,2020-12-19 11:12:25,2023-05-01 23:41:12
F0535,Hunt & Cohen LLP,Hong Kong,Hong Kong,1978,true,2020-11-03 05:26:56,2022-06-21 09:28:39
F0536,Cripps & Slate Solicitors,Japan,Osaka,1999,true,2015-12-25 13:14:21,2024-03-27 19:44:55
F0537,Freshfields & Goddard Law Group,Japan,Osaka,1853,true,2020-09-25 19:14:17,2024-03-07 18:34:00
F0538,Hughes & Frank & Partners,United Kingdom,Edinburgh,1918,true,2016-03-27 12:20:43,2021-03-24 10:24:23
F0539,Slaughter & Milbank LLP,Germany,Munich,1925,true,2020-10-24 05:16:34,2022-01-25 05:35:29
F0540,Edwards & Dunn & Partners,Spain,Madrid,2015,true,2018-01-19 09:18:03,2024-06-18 13:05:49
F0541,Gibson & Bockius Law Group,France,Marseille,1949,true,2020-11-22 21:03:31,2023-10-30 06:06:57
F0542,Baker & Bartlett & Associates,Ireland,Dublin,1901,true,2019-09-12 09:23:39,2021-03-25 13:53:28
F0543,Haynes & Simpson Legal,Ireland,Dublin,2000,true,2016-12-01 18:06:53,2024-11-16 22:40:30
F0544,Edwards & Watkins LLP,UAE,Dubai,1897,false,2016-08-24 04:14:06,2022-04-02 23:44:25
F0545,Dorsey & Lowell & Associates,Hong Kong,Hong Kong,1883,true,2018-03-17 21:56:19,2021-03-05 02:57:14
F0546,Fieldfisher & Simpson LLP,Belgium,Brussels,1860,true,2015-01-18 12:55:54,2022-05-29 12:16:26
F0547,Howard & Porter Solicitors,Canada,Toronto,1996,true,2020-04-26 22:43:05,2023-08-15 07:33:17
F0548,Boodle & Watkins LLP,United States,San Francisco,1979,true,2017-09-14 13:17:06,2023-03-28 04:08:52
F0549,Boodle & McCloy & Partners,Spain,Barcelona,1934,true,2015-10-13 15:57:26,2022-06-27 18:41:10
F0550,Fladgate & Slate LLP,Australia,Melbourne,1879,true,2020-04-04 22:20:35,2023-04-05 02:25:56
F0551,Hawkins & Masons LLP,Netherlands,Amsterdam,1932,true,2020-06-18 10:42:04,2023-08-12 08:26:06
F0552,Fried & Thacher & Associates,Ireland,Dublin,1856,true,2018-04-13 20:59:43,2022-02-03 14:23:21
F0553,Forsters & Manges Solicitors,Belgium,Brussels,1861,true,2019-05-17 21:39:47,2024-06-01 03:10:38
F0554,Kirkland & Dunn LLP,Japan,Tokyo,1987,true,2017-09-22 04:15:00,2023-03-10 07:22:59
F0555,Haworth & Cleary & Partners,Japan,Tokyo,1958,true,2016-10-16 21:00:21,2023-11-08 07:54:17
F0556,Jones & Bartlett LLP,France,Bordeaux,1856,true,2020-07-01 19:05:38,2024-06-22 18:48:32
F0557,Gibson & Watkins & Associates,Canada,Toronto,1992,true,2015-09-29 22:01:53,2021-04-24 18:53:04
F0558,Davis & Manges Law Group,Belgium,Brussels,1960,true,2017-03-14 14:11:23,2022-09-26 05:39:05
F0559,Hill & Thacher LLP,Singapore,Singapore,1999,true,2019-07-20 16:08:29,2021-01-10 03:55:40
F0560,Ford & Dunn & Associates,Belgium,Brussels,1927,true,2018-01-16 08:03:18,2024-12-12 16:07:40
F0561,Howard & McKenzie Solicitors,Australia,Perth,1890,true,2018-03-31 00:15:27,2022-09-06 18:53:23
F0562,Fried & Goddard LLP,Germany,Stuttgart,1926,true,2018-04-29 18:31:07,2024-05-22 17:45:17
F0563,Gowling & Day LLP,Sweden,Stockholm,1860,true,2015-02-04 15:25:11,2023-05-10 20:52:38
F0564,Kirkland & Porter & Partners,UAE,Abu Dhabi,1938,true,2019-07-27 20:57:35,2023-05-01 13:13:41
F0565,Boodle & Lipton & Associates,Sweden,Stockholm,1899,true,2016-05-15 01:37:37,2021-10-13 19:44:45
F0566,Hill & Slate LLP,Japan,Tokyo,1924,true,2019-09-02 05:18:19,2022-12-18 13:12:47
F0567,Haines & Green Legal,Australia,Sydney,1941,true,2016-09-05 08:31:20,2024-02-02 03:55:41
F0568,Hawkins & Sutherland & Partners,Japan,Tokyo,1931,true,2015-11-07 19:54:01,2022-03-19 22:40:59
F0569,Taylor & Cromwell Legal,Canada,Montreal,1930,false,2020-11-24 11:59:08,2023-06-27 11:26:01
F0570,Boodle & Simpson Law Group,Germany,Frankfurt,1920,true,2017-08-31 02:59:13,2022-01-18 10:04:27
F0571,Fletcher & Thomas Solicitors,Germany,Stuttgart,1941,true,2017-10-27 03:07:31,2024-09-25 17:57:21
F0572,Harris & Bruckhaus & Associates,Netherlands,Amsterdam,1885,true,2016-06-30 02:22:23,2023-09-30 19:54:29
F0573,Jones & Morgan LLP,France,Marseille,1979,true,2020-04-30 20:05:27,2021-04-29 18:43:26
F0574,Eversheds & Slate & Associates,Belgium,Brussels,1989,true,2020-01-08 04:17:47,2021-11-27 12:17:35
F0575,Taylor & Wright Law Group,Spain,Barcelona,1907,true,2020-07-24 14:55:29,2024-04-19 05:26:52
F0576,Ford & Hauer LLP,UAE,Abu Dhabi,1951,true,2016-02-20 22:54:36,2022-12-23 21:18:51
F0577,Harrison & Swaine LLP,United Kingdom,Leeds,1981,true,2017-01-12 04:14:37,2024-08-10 07:03:15
F0578,Howard & Hadley LLP,Germany,Berlin,1973,true,2019-10-26 14:39:27,2023-05-29 23:01:12
F0579,Irving & Emanuel Legal,United Kingdom,Manchester,1909,true,2019-02-24 01:14:02,2021-12-27 00:15:46
F0580,Farrer & McCloy LLP,France,Marseille,1860,false,2018-04-20 18:19:11,2022-12-31 14:43:27
F0581,Haynes & Milbank & Associates,Canada,Toronto,1917,true,2020-12-26 10:22:40,2023-03-21 22:11:26
F0582,DAC & Wright LLP,UAE,Dubai,1982,true,2018-03-16 05:46:23,2023-10-13 10:46:55
F0583,Cripps & Hamilton Legal,Sweden,Stockholm,1974,true,2019-05-24 07:28:15,2022-09-23 10:53:38
F0584,Reed & Manges LLP,Sweden,Stockholm,1908,true,2019-04-09 03:40:38,2024-10-02 04:37:12
F0585,Arnold & Ellis Legal,Japan,Osaka,2004,true,2016-10-19 03:51:30,2021-08-22 09:22:06
F0586,Connell & Thacher LLP,United States,Boston,1973,true,2016-12-16 15:52:02,2022-10-07 01:55:06
F0587,Hill & Milbank Law Group,Netherlands,Amsterdam,1855,true,2020-01-10 12:33:45,2021-09-08 11:41:46
F0588,Reed & Rosen LLP,Germany,Dusseldorf,1996,true,2020-01-15 08:38:35,2021-09-08 07:19:47
F0589,Debevoise & Wachtell LLP,Germany,Munich,1922,true,2016-07-13 08:34:19,2023-03-14 13:45:39
F0590,Fletcher & Ellis & Partners,France,Bordeaux,1955,true,2020-02-28 09:50:54,2023-01-03 07:34:02
F0591,Forsters & Emanuel LLP,Ireland,Dublin,1937,true,2020-04-20 06:02:06,2023-10-22 17:29:16
F0592,Davis & Cohen LLP,UAE,Dubai,1854,true,2016-12-15 00:09:28,2022-08-11 12:44:28
F0593,Macfarlanes & Watkins Solicitors,Belgium,Brussels,2007,true,2016-04-09 16:05:27,2023-07-30 15:05:13
F0594,Howard & Cohen LLP,Sweden,Stockholm,1960,true,2015-10-17 12:44:50,2023-01-20 03:14:42
F0595,Dorsey & Clarke Solicitors,Canada,Toronto,1947,true,2020-12-07 12:01:05,2023-04-04 00:59:29
F0596,Burges & Strauss & Partners,Ireland,Dublin,1871,true,2018-08-14 22:47:20,2021-07-27 23:31:26
F0597,Allen & Simpson LLP,Sweden,Stockholm,1997,true,2017-03-11 23:19:57,2021-10-21 15:12:51
F0598,Bird & Moore Legal,Spain,Madrid,1954,true,2018-03-11 04:15:16,2023-10-14 19:14:53
F0599,Burges & Emanuel Law Group,Germany,Hamburg,1994,true,2020-07-17 09:01:23,2023-06-29 08:10:56
F0600,Gateley & Gottlieb Solicitors,Australia,Perth,1895,true,2016-09-24 20:30:01,2022-10-04 22:15:44
F0601,Guildford & Dickinson Law Group,Spain,Barcelona,1885,true,2017-02-27 11:01:56,2022-04-22 08:51:20
F0602,Jackson & Ellis LLP,Japan,Tokyo,1904,true,2016-12-14 20:59:24,2022-11-25 18:15:49
F0603,Jackson & Swaine LLP,Ireland,Dublin,1891,true,2019-09-07 13:56:16,2023-08-12 20:31:29
F0604,Slaughter & Strauss Law Group,Japan,Tokyo,1872,true,2015-10-11 00:03:25,2024-07-02 21:11:18
F0605,Eversheds & Thacher Law Group,France,Marseille,1952,true,2015-09-06 16:11:43,2023-08-05 02:14:30
F0606,Addleshaw & Rosen Solicitors,Spain,Barcelona,1962,true,2020-01-31 06:47:00,2021-03-31 06:22:37
F0607,Harbottle & Hauer & Partners,Belgium,Brussels,2007,true,2016-08-28 01:21:05,2021-02-22 05:02:50
F0608,Allen & Ellis LLP,United Kingdom,Birmingham,1920,true,2017-01-13 08:16:01,2023-10-15 12:52:58
F0609,Berwin & Feld LLP,Canada,Calgary,1867,true,2018-06-13 16:36:55,2023-06-30 10:39:08
F0610,Haines & Dickinson Legal,Spain,Barcelona,1920,true,2019-10-04 02:33:04,2024-11-22 10:00:25
F0611,Allen & Emanuel LLP,France,Bordeaux,1954,true,2018-06-09 01:10:39,2023-06-13 02:04:34
F0612,Cooper & Smith & Associates,Spain,Madrid,1987,true,2019-04-13 07:00:45,2022-04-03 02:30:11
F0613,DAC & Cromwell Solicitors,UAE,Abu Dhabi,1912,true,2020-11-26 18:41:48,2022-11-19 19:36:40
F0614,Hall & Hadley LLP,Ireland,Dublin,1973,true,2020-10-18 15:22:57,2022-12-17 16:54:10
F0615,Boodle & Swaine & Partners,United States,Houston,1930,true,2020-05-22 17:14:52,2024-05-10 03:13:38
F0616,Capsticks & Masons & Associates,Canada,Toronto,1873,true,2020-12-17 08:49:07,2024-07-16 17:48:32
F0617,Addleshaw & Strauss Legal,Hong Kong,Hong Kong,1940,true,2015-08-25 05:07:11,2023-05-12 11:10:42
F0618,Hunter & Bockius & Partners,UAE,Abu Dhabi,1977,true,2016-07-21 21:23:46,2024-03-05 02:43:17
F0619,Browne & May & Partners,France,Lyon,2008,true,2017-04-04 14:03:33,2021-11-18 05:15:58
F0620,Kirkland & Swaine Solicitors,Ireland,Dublin,2007,true,2016-01-08 10:47:16,2024-11-30 11:06:00
F0621,Hawkins & Lewis Solicitors,Belgium,Brussels,1997,true,2019-02-07 10:18:15,2022-07-31 15:12:35
F0622,Day & Clarke LLP,Netherlands,Amsterdam,1863,true,2019-05-08 00:53:11,2022-03-12 09:05:49
F0623,Ford & Dickinson Law Group,Singapore,Singapore,1894,true,2019-08-08 02:34:51,2021-02-20 14:01:24
F0624,Cole & Moore LLP,United States,Boston,1853,true,2019-05-30 00:10:32,2022-12-16 16:40:29
F0625,Harrison & Hadley & Associates,Singapore,Singapore,1897,true,2017-10-08 02:16:54,2022-07-16 17:30:42
F0626,Cooper & Wright LLP,France,Marseille,1977,true,2019-01-04 10:03:26,2023-08-11 09:25:47
F0627,Debevoise & Lowell Solicitors,Singapore,Singapore,1896,true,2018-02-08 06:11:15,2024-08-20 03:35:06
F0628,Charles & Steen & Partners,UAE,Dubai,1992,true,2015-11-07 06:49:39,2024-01-25 17:56:53
F0629,Taylor & Strauss LLP,Singapore,Singapore,1895,true,2016-03-29 02:53:49,2024-05-27 19:33:29
F0630,Cole & Gottlieb Solicitors,Germany,Stuttgart,1926,true,2019-05-26 06:50:03,2023-04-10 12:18:49
F0631,Irwin & Ellis LLP,Belgium,Brussels,1905,true,2018-05-22 18:59:57,2021-06-03 18:02:52
F0632,Connell & Emanuel Legal,Netherlands,Amsterdam,1942,true,2018-10-29 15:36:22,2024-03-02 16:26:50
F0633,Dechert & Smith Legal,Sweden,Stockholm,2005,true,2017-12-05 04:57:32,2021-01-31 19:30:53
F0634,Collyer & Swaine Solicitors,UAE,Dubai,1964,true,2017-06-03 05:57:54,2022-07-06 15:25:28
F0635,Slaughter & Hadley LLP,Singapore,Singapore,2013,true,2018-12-11 19:51:41,2023-09-09 07:56:14
F0636,Guildford & Lovells LLP,Canada,Calgary,1870,true,2020-05-15 07:09:24,2023-08-10 04:34:35
F0637,Clyde & Simpson & Associates,France,Marseille,2004,true,2017-09-11 12:09:15,2023-10-12 10:05:34
F0638,Hall & Feld Solicitors,Australia,Perth,1955,true,2018-02-02 07:31:58,2024-03-07 19:33:54
F0639,Bryan & Cravath & Associates,Belgium,Brussels,1870,true,2016-01-24 11:39:05,2024-02-05 13:19:20
F0640,Fladgate & Slate LLP,Singapore,Singapore,1856,true,2015-10-24 21:00:07,2021-04-10 02:21:10
F0641,Hawkins & Day LLP,Spain,Madrid,1949,true,2015-11-19 21:27:48,2022-02-12 16:55:46
F0642,Quinn & Cohen LLP,France,Marseille,1857,true,2018-10-08 20:26:11,2023-09-01 04:53:34
F0643,Fried & Bockius & Associates,Canada,Montreal,1990,true,2019-01-19 08:40:14,2022-12-27 18:14:06
F0644,Farrer & Rosen Law Group,Hong Kong,Hong Kong,1984,true,2020-01-10 15:32:49,2023-07-18 07:33:13
F0645,Fried & Clarke LLP,Spain,Barcelona,1963,true,2017-12-14 14:44:40,2023-01-19 05:16:34
F0646,Baker & Overy LLP,Singapore,Singapore,1938,true,2016-04-28 19:08:28,2022-04-17 14:01:07
F0647,Foot & Latham Solicitors,Spain,Madrid,1926,true,2020-11-06 19:50:42,2024-12-03 09:56:49
F0648,Allen & Slate Legal,Singapore,Singapore,1898,true,2020-01-29 19:49:35,2021-12-26 04:20:04
F0649,Weil & Simpson Law Group,Spain,Barcelona,1946,true,2018-05-11 10:50:54,2022-01-24 04:48:09
F0650,Fox & Latham & Associates,United States,Houston,1922,true,2020-04-26 19:27:49,2022-01-08 03:30:42
F0651,Irving & Watkins LLP,Spain,Barcelona,1924,true,2018-07-06 20:20:41,2021-10-20 01:10:16
F0652,Hawkins & Green & Partners,Netherlands,Rotterdam,1932,true,2017-04-25 11:47:28,2023-12-25 03:30:40
F0653,Norton & Goddard & Associates,United Kingdom,Bristol,1882,true,2015-03-10 18:11:54,2021-10-16 20:15:21
F0654,Taylor & Overy Solicitors,Hong Kong,Hong Kong,1905,true,2016-12-24 07:36:33,2021-05-21 02:47:14
F0655,Jackson & Gottlieb LLP,Australia,Perth,1934,true,2018-02-27 21:22:24,2022-12-22 07:24:35
F0656,Day & Sutherland Solicitors,Ireland,Dublin,1896,true,2015-06-24 02:31:19,2022-02-18 23:58:24
F0657,Baker & Smith & Partners,Belgium,Brussels,1948,true,2018-03-31 12:28:24,2024-07-10 15:28:28
F0658,Farrer & Bartlett LLP,Netherlands,Amsterdam,1983,true,2015-04-15 02:42:31,2021-11-06 09:57:50
F0659,Coffin & Bockius Legal,France,Bordeaux,1890,true,2018-04-23 23:06:38,2023-11-25 14:00:39
F0660,Pinsent & Emanuel Solicitors,United Kingdom,Leeds,2013,true,2019-09-04 11:39:03,2023-03-21 05:32:18
F0661,Osborne & Masons Law Group,Canada,Toronto,1933,true,2020-09-02 08:21:58,2021-12-05 07:44:03
F0662,Day & Gottlieb & Partners,Ireland,Dublin,1852,false,2019-12-22 14:09:28,2021-07-05 20:51:36
F0663,Taylor & Wright LLP,UAE,Abu Dhabi,1913,true,2020-11-08 19:18:43,2023-07-16 04:24:18
F0664,Haworth & Frank LLP,United States,Boston,1941,true,2020-04-06 01:30:15,2022-06-10 17:17:24
F0665,Browne & Lewis Legal,Hong Kong,Hong Kong,1962,true,2016-01-26 22:22:31,2023-01-28 20:06:03
F0666,Reed & Emanuel LLP,United Kingdom,Leeds,1974,true,2018-03-19 16:29:37,2022-07-11 09:27:07
F0667,Foot & May LLP,Spain,Barcelona,1989,true,2019-08-14 05:11:08,2023-12-19 19:27:06
F0668,Harbottle & Lewis LLP,Hong Kong,Hong Kong,1867,true,2017-05-05 09:40:46,2024-09-09 20:46:40
F0669,Crown & Thomas LLP,Netherlands,Rotterdam,2013,true,2017-03-29 04:44:41,2023-04-22 08:32:00
F0670,Crown & Cleary & Partners,Hong Kong,Hong Kong,1932,true,2015-02-28 03:51:12,2023-08-21 17:22:50
F0671,Hunter & Green LLP,Japan,Osaka,2006,true,2016-08-12 21:41:33,2023-03-26 02:44:13
F0672,Fox & Cravath LLP,Singapore,Singapore,1861,true,2015-12-10 04:48:10,2021-05-30 12:41:41
F0673,Norton & Green & Partners,Germany,Berlin,1875,true,2015-04-08 03:56:24,2021-11-10 22:03:08
F0674,Francis & Lipton & Associates,Japan,Osaka,1862,true,2020-08-06 02:09:52,2023-02-01 01:09:18
F0675,Bird & Katz Solicitors,UAE,Dubai,1870,true,2015-02-10 15:46:14,2024-12-16 00:46:51
F0676,Dickson & Hamilton Legal,Japan,Tokyo,1864,true,2018-01-26 08:35:49,2023-05-17 20:29:21
F0677,Cobbetts & Sutherland & Partners,Australia,Sydney,1982,true,2015-08-07 16:31:09,2024-07-20 06:47:35
F0678,Ashurst & May & Partners,Hong Kong,Hong Kong,1995,true,2019-07-10 19:31:16,2022-08-22 14:11:03
F0679,Norton & Cleary Legal,Germany,Dusseldorf,1967,true,2019-10-01 02:03:17,2022-10-07 23:12:13
F0680,Arnold & Slate Law Group,Singapore,Singapore,1979,true,2016-06-02 06:12:15,2024-05-16 01:06:35
F0681,Cripps & Morgan Legal,Germany,Dusseldorf,1990,false,2020-02-07 20:57:32,2022-11-20 04:41:26
F0682,Haynes & Case Legal,Canada,Montreal,2005,true,2018-07-05 02:32:38,2024-04-02 02:51:29
F0683,Gateley & Bockius & Associates,Spain,Madrid,1942,false,2018-03-11 06:43:47,2024-04-04 11:40:17
F0684,Eversheds & Goddard LLP,Netherlands,Rotterdam,1982,true,2015-01-01 14:35:13,2024-02-03 06:55:18
F0685,Boodle & Rose Legal,Sweden,Stockholm,1855,true,2015-01-21 09:48:27,2022-04-12 13:15:41
F0686,Gowling & Cromwell LLP,Hong Kong,Hong Kong,1874,true,2019-09-17 04:07:01,2023-03-06 05:34:57
F0687,Crown & McCloy & Partners,Canada,Vancouver,1909,true,2016-03-06 00:27:47,2022-02-16 15:28:31
F0688,Greenberg & Lewis & Partners,Australia,Sydney,1869,true,2019-11-08 10:36:21,2022-09-14 01:33:32
F0689,Irwin & Moore LLP,Ireland,Dublin,2002,true,2016-06-21 04:32:38,2023-01-29 12:15:48
F0690,Kirkland & Cleary LLP,United Kingdom,Leeds,1935,true,2019-11-26 10:49:37,2022-08-16 17:04:12
F0691,Pinsent & Hadley & Partners,Belgium,Brussels,2004,true,2018-07-18 02:06:35,2024-12-16 02:05:15
F0692,Francis & Chance Legal,Japan,Osaka,1988,true,2015-06-18 04:04:21,2022-04-19 11:08:54
F0693,Hunt & Thacher Law Group,Canada,Vancouver,1964,true,2016-04-20 23:13:56,2021-03-20 11:30:54
F0694,Clyde & Gottlieb Law Group,UAE,Dubai,1887,true,2016-11-20 23:54:17,2022-11-02 23:43:44
F0695,Gibson & Slate Law Group,United States,Houston,1917,true,2019-11-11 09:41:55,2024-03-03 19:21:31
F0696,Reed & Strauss & Partners,Spain,Barcelona,1974,true,2020-12-08 04:59:51,2021-07-22 12:44:19
F0697,Francis & Masons & Partners,UAE,Dubai,1868,true,2019-10-10 11:41:23,2023-08-15 22:01:35
F0698,Guildford & Bruckhaus LLP,Singapore,Singapore,1955,true,2020-10-28 09:45:49,2024-12-06 14:21:53
F0699,Harbottle & Katz LLP,Canada,Vancouver,1928,true,2017-09-23 11:59:08,2022-06-20 04:49:10
F0700,DWF & Chance & Partners,Canada,Calgary,1901,true,2020-04-20 03:49:46,2021-08-15 12:30:24
F0701,Gibson & Masons LLP,Germany,Stuttgart,1923,true,2015-09-24 14:47:18,2021-06-24 13:31:19
F0702,Fladgate & McKenzie Legal,Hong Kong,Hong Kong,1903,true,2017-08-05 23:15:02,2022-12-01 03:30:41
F0703,Capsticks & Slate Solicitors,France,Lyon,2009,true,2019-08-25 16:20:33,2023-03-24 20:45:57
F0704,Clifford & Browne LLP,Germany,Stuttgart,1915,true,2020-12-10 22:57:58,2023-11-05 02:33:37
F0705,Charles & Frank Solicitors,Australia,Melbourne,1852,true,2020-12-04 00:47:39,2023-08-18 23:23:48
F0706,Howard & Wright LLP,Japan,Osaka,1854,true,2020-08-21 19:29:37,2024-08-16 15:57:16
F0707,Forsters & Simpson LLP,Sweden,Stockholm,1930,true,2016-12-19 05:10:52,2022-08-15 09:34:10
F0708,Ford & Thomas LLP,UAE,Dubai,1860,true,2016-08-02 04:17:16,2021-11-05 22:36:17
F0709,Day & Bartlett LLP,Spain,Barcelona,1854,true,2017-11-02 08:45:17,2023-02-01 02:01:13
F0710,Bryan & Hauer & Associates,Canada,Montreal,1865,true,2020-04-26 12:36:00,2022-04-15 15:32:17
F0711,Gowling & Lowell & Partners,Sweden,Stockholm,1888,true,2015-04-02 13:08:10,2025-01-06 15:58:02
F0712,DAC & Feld & Partners,Singapore,Singapore,1956,true,2015-09-30 18:28:14,2024-02-08 20:15:32
F0713,Harris & Cave Solicitors,Germany,Hamburg,1988,true,2017-08-28 12:56:49,2024-11-14 05:23:37
F0714,Hunter & Steen & Partners,Japan,Tokyo,1885,true,2019-12-11 04:47:21,2023-04-21 23:08:00
F0715,Slaughter & Katz LLP,Hong Kong,Hong Kong,1931,true,2018-08-29 03:55:04,2024-11-13 02:03:15
F0716,Slaughter & Thacher LLP,Spain,Madrid,1931,true,2016-07-26 02:07:00,2022-05-09 08:53:46
F0717,Haynes & Bockius & Associates,Singapore,Singapore,1888,true,2017-07-31 11:16:27,2022-11-20 04:24:15
F0718,Harrison & Lipton & Associates,United States,Los Angeles,2005,true,2016-07-27 23:41:50,2021-02-10 16:44:25
F0719,Dentons & Dickinson LLP,France,Lyon,1972,true,2016-12-18 10:04:28,2023-12-04 19:18:18
F0720,Arnold & Tweed Law Group,Belgium,Brussels,1975,true,2020-07-11 03:20:30,2022-08-04 22:13:01
F0721,Dechert & Latham LLP,Germany,Berlin,1919,false,2016-12-04 00:08:32,2021-02-20 01:36:17
F0722,Addleshaw & Bockius Solicitors,France,Lyon,2007,true,2016-09-27 13:15:22,2021-04-13 17:44:27
F0723,Debevoise & Cleary LLP,Canada,Calgary,2005,true,2017-02-05 17:32:12,2022-10-27 04:25:52
F0724,Guildford & Wachtell LLP,Singapore,Singapore,1983,true,2018-05-09 14:00:25,2023-08-08 22:33:14
F0725,Freshfields & Lovells LLP,Netherlands,Amsterdam,1992,true,2017-02-02 10:20:03,2023-03-17 18:38:11
F0726,DWF & Lovells & Associates,Ireland,Dublin,1923,true,2016-08-12 20:16:03,2022-03-29 07:57:12
F0727,Gibson & Moore LLP,Singapore,Singapore,1968,true,2020-03-19 22:36:19,2024-11-28 16:01:37
F0728,Arnold & Cleary LLP,Netherlands,Amsterdam,1950,true,2019-04-05 11:45:03,2021-06-25 19:20:33
F0729,Hall & Morgan & Partners,Netherlands,Amsterdam,1966,true,2016-07-09 18:09:12,2022-12-06 18:26:37
F0730,Osborne & Simpson Solicitors,Canada,Vancouver,2012,true,2016-01-19 20:07:28,2021-05-22 15:51:21
F0731,Weil & Browne Law Group,Spain,Barcelona,1861,true,2019-05-09 16:36:57,2023-08-09 19:43:04
F0732,Howard & Hadley LLP,Sweden,Stockholm,1891,true,2019-10-23 22:06:28,2024-09-15 12:37:11
F0733,Coffin & Porter Solicitors,Germany,Stuttgart,1923,true,2015-06-09 09:59:15,2022-10-14 19:08:21
F0734,Hawkins & Latham & Associates,United States,Los Angeles,1853,true,2016-09-22 05:43:10,2021-01-06 11:42:57
F0735,Allen & Wachtell Solicitors,Belgium,Brussels,1910,true,2019-08-16 14:23:00,2024-06-08 08:05:17
F0736,DWF & Bruckhaus LLP,Japan,Osaka,1912,true,2018-11-10 17:11:37,2022-09-30 03:33:04
F0737,Slaughter & Frank Legal,Australia,Melbourne,1859,true,2015-06-01 23:39:01,2021-10-15 03:20:03
F0738,Harris & Porter Legal,United Kingdom,Leeds,1872,true,2019-12-02 01:43:00,2024-07-25 19:26:33
F0739,Clarke & Lipton LLP,Singapore,Singapore,1966,true,2016-05-16 06:01:34,2023-11-11 01:20:59
F0740,Cobbetts & Lewis Legal,Canada,Toronto,1947,true,2015-10-17 07:59:56,2024-04-08 20:12:12
F0741,Clyde & Strauss LLP,Ireland,Dublin,1881,true,2019-09-07 06:05:57,2021-04-11 20:36:42
F0742,Francis & Rose & Partners,Australia,Brisbane,2006,true,2019-06-26 11:54:01,2022-10-05 18:00:46
F0743,Irwin & Wachtell & Associates,UAE,Dubai,1959,true,2019-02-11 16:31:33,2024-01-30 19:26:25
F0744,Hawkins & Dickinson LLP,Canada,Montreal,2007,true,2019-06-21 08:00:32,2023-06-13 10:52:24
F0745,Arnold & McCloy & Partners,Spain,Barcelona,1924,false,2019-03-11 03:47:37,2024-06-09 03:41:28
F0746,Haworth & Gottlieb LLP,United Kingdom,London,1903,true,2015-03-16 12:35:07,2022-12-24 04:11:33
F0747,Covington & Slate & Partners,Singapore,Singapore,1852,true,2015-05-22 08:08:37,2022-06-03 12:40:38
F0748,Irving & Porter & Associates,Hong Kong,Hong Kong,1979,true,2017-03-01 10:44:42,2024-05-12 12:37:25
F0749,Connell & Cave Law Group,Ireland,Dublin,1995,true,2015-12-20 16:17:02,2023-12-02 09:48:41
F0750,Cooper & Bockius Solicitors,United Kingdom,Manchester,1971,true,2016-08-25 18:51:01,2022-05-29 10:29:09
F0751,Haworth & Thomas Legal,Japan,Tokyo,1968,true,2019-02-04 22:54:31,2021-08-30 09:13:14
F0752,Greenberg & Thacher Legal,Singapore,Singapore,1992,true,2019-06-07 22:02:08,2022-04-11 00:20:37
F0753,Taylor & Lowell LLP,France,Marseille,1936,false,2018-01-03 13:59:41,2021-04-13 20:36:03
F0754,Davis & Watkins LLP,Japan,Tokyo,1928,true,2019-11-09 23:28:36,2023-07-30 21:43:33
F0755,Linklaters & Green & Partners,Canada,Toronto,1945,true,2017-04-23 12:18:52,2022-10-05 22:10:33
F0756,Addleshaw & Smith Legal,Australia,Melbourne,1859,true,2019-06-20 10:19:30,2022-04-15 15:14:35
F0757,Dentons & Steen Solicitors,Sweden,Stockholm,1978,true,2018-10-10 18:11:41,2023-02-26 00:50:58
F0758,Collyer & Day LLP,Canada,Calgary,1982,true,2019-06-15 20:31:50,2022-04-28 03:00:40
F0759,Davis & Simpson LLP,Germany,Berlin,1851,true,2015-04-24 13:33:17,2022-12-15 14:29:44
F0760,Linklaters & Cave Solicitors,United Kingdom,Leeds,1861,true,2020-01-21 09:17:36,2024-09-16 09:51:34
F0761,Coffin & Rosen & Partners,Ireland,Dublin,1932,true,2015-03-11 20:14:58,2023-06-17 04:59:28
F0762,DWF & Cravath LLP,Australia,Brisbane,1919,true,2019-07-12 17:21:39,2022-05-11 18:45:59
F0763,Gowling & Hauer LLP,Australia,Sydney,1902,true,2015-02-17 09:37:22,2023-08-26 17:04:17
F0764,Clarke & Cromwell & Partners,Spain,Barcelona,1893,true,2017-04-22 03:06:35,2021-08-08 21:37:15
F0765,Gibson & Cohen LLP,UAE,Abu Dhabi,1970,true,2019-08-07 12:21:00,2022-11-21 04:22:58
F0766,Linklaters & Case Law Group,United Kingdom,London,1895,true,2018-04-06 19:15:44,2021-03-25 13:48:17
F0767,Coffin & Cave & Partners,Sweden,Stockholm,1986,true,2020-03-29 19:48:08,2022-07-07 10:38:07
F0768,Linklaters & Hamilton Solicitors,Sweden,Stockholm,1874,true,2019-10-31 01:26:20,2021-07-24 17:41:03
F0769,Boodle & Day & Associates,Japan,Osaka,1943,true,2019-01-01 22:26:36,2021-12-26 22:11:10
F0770,Foot & McKenzie LLP,Hong Kong,Hong Kong,1971,true,2017-10-05 23:56:31,2022-12-06 03:37:03
F0771,Covington & Wachtell LLP,Netherlands,Rotterdam,1980,true,2016-06-14 15:53:10,2022-03-15 11:19:02
F0772,Holman & Sutherland & Associates,Belgium,Brussels,1986,true,2017-10-09 10:36:29,2023-05-14 22:46:10
F0773,Burgess & Slate LLP,UAE,Abu Dhabi,1973,true,2017-01-11 05:27:46,2023-08-23 11:53:30
F0774,Druces & Gottlieb Law Group,Canada,Vancouver,1995,true,2020-11-26 08:51:14,2023-07-08 00:57:57
F0775,Hughes & Sutherland Solicitors,Spain,Madrid,1879,true,2016-06-21 18:11:13,2023-10-27 07:58:31
F0776,DWF & Watkins & Associates,Netherlands,Rotterdam,1953,true,2019-09-21 14:20:21,2021-06-01 16:48:05
F0777,DAC & Lewis Solicitors,United States,Boston,2015,true,2020-01-27 23:12:38,2024-04-13 05:45:55
F0778,Haines & Morgan LLP,United States,Los Angeles,1887,true,2016-03-07 14:22:57,2024-10-10 07:30:27
F0779,Guildford & Manges & Partners,Netherlands,Rotterdam,1902,true,2018-04-26 15:12:53,2023-08-15 06:11:37
F0780,Hunt & Porter Law Group,Canada,Montreal,1938,false,2019-11-07 18:53:27,2024-05-18 23:23:23
F0781,Debevoise & Tweed LLP,UAE,Dubai,1925,true,2020-03-14 20:03:19,2023-03-04 21:58:53
F0782,Gowling & Hamilton Legal,Sweden,Stockholm,1878,true,2015-01-03 14:52:55,2023-12-29 14:56:32
F0783,Jackson & Sullivan Law Group,Belgium,Brussels,2010,true,2016-12-31 20:51:11,2022-11-02 15:31:13
F0784,Fried & Rose LLP,Singapore,Singapore,1971,true,2018-03-31 11:33:06,2022-11-08 01:03:39
F0785,Dickson & Day & Associates,Spain,Barcelona,1882,true,2018-01-24 09:00:43,2024-07-28 20:04:43
F0786,Foot & Cravath Law Group,United States,Boston,1884,true,2015-02-18 19:15:30,2021-08-12 16:33:20
F0787,Jackson & Wachtell Law Group,Japan,Osaka,2009,true,2018-11-17 19:57:38,2024-10-20 03:10:08
F0788,Edwards & Browne Legal,Spain,Barcelona,1907,true,2019-09-12 03:50:01,2024-06-27 22:28:43
F0789,Bryan & Simpson & Associates,UAE,Dubai,1955,true,2019-12-01 14:13:04,2023-02-13 20:38:15
F0790,Greenberg & Strauss Legal,UAE,Abu Dhabi,1878,true,2015-04-14 23:05:52,2021-02-28 19:42:38
F0791,Francis & Tweed & Associates,Hong Kong,Hong Kong,1969,true,2016-03-17 10:48:36,2024-02-09 07:17:14
F0792,Haworth & Bartlett LLP,Spain,Madrid,2012,true,2017-01-31 21:46:16,2023-01-04 22:16:16
F0793,Cooper & Skadden LLP,UAE,Abu Dhabi,1970,true,2020-03-19 15:30:35,2021-03-23 23:34:02
F0794,Connell & Weiss Legal,Sweden,Stockholm,1925,true,2019-11-19 05:57:16,2024-02-14 22:35:21
F0795,Cobbetts & Thacher & Associates,United Kingdom,Leeds,1865,true,2020-01-31 19:00:31,2024-03-10 04:35:58
F0796,Howard & Goddard LLP,UAE,Dubai,1923,true,2019-11-15 19:32:14,2021-03-22 04:31:43
F0797,Charles & Emanuel LLP,Germany,Dusseldorf,2007,true,2015-08-27 19:15:54,2024-08-15 16:10:47
F0798,Osborne & Wachtell LLP,Belgium,Brussels,2001,true,2015-02-14 03:03:10,2024-02-26 18:28:58
F0799,Addleshaw & Emanuel & Partners,Japan,Osaka,1974,true,2018-02-22 19:48:46,2024-06-08 22:29:02
F0800,Slaughter & Wachtell LLP,Spain,Madrid,1976,true,2017-12-01 04:35:56,2021-05-12 02:42:52
F0801,DWF & Thacher LLP,Singapore,Singapore,1903,true,2017-01-09 06:38:48,2023-10-24 07:27:42
F0802,Capsticks & Latham LLP,Belgium,Brussels,1863,true,2015-06-18 18:49:26,2023-09-25 17:13:45
F0803,Freshfields & Clarke Law Group,Singapore,Singapore,1949,true,2017-07-25 07:33:43,2023-01-10 20:29:32
F0804,Clarke & Bockius Solicitors,Germany,Dusseldorf,1947,true,2018-09-12 16:08:28,2021-01-19 10:17:10
F0805,Freshfields & Rosen Legal,Spain,Madrid,1960,true,2015-10-30 12:00:34,2024-11-26 14:47:18
F0806,Charles & Steen LLP,Japan,Osaka,1915,true,2017-11-06 16:58:48,2022-02-24 22:29:17
F0807,Bryan & Thacher & Partners,Singapore,Singapore,1983,true,2020-09-29 01:21:19,2024-03-09 16:08:00
F0808,Baker & Swaine LLP,Hong Kong,Hong Kong,1867,true,2017-08-31 07:05:29,2023-05-01 16:28:33
F0809,Edwards & Dickinson & Partners,United States,Washington DC,1922,true,2015-11-19 19:53:18,2023-12-01 21:16:32
F0810,Herbert & Wachtell & Partners,United Kingdom,London,2003,true,2020-04-08 09:36:16,2021-05-23 19:49:10
F0811,Harris & Cohen Law Group,Hong Kong,Hong Kong,2015,true,2015-09-26 09:26:04,2024-08-23 10:25:41
F0812,Burges & Goddard Solicitors,Germany,Frankfurt,1869,true,2020-12-01 07:41:41,2021-10-14 05:49:20
F0813,Hughes & Cleary Legal,Sweden,Stockholm,1915,true,2018-08-19 14:11:22,2023-12-12 07:53:15
F0814,Davis & Cave LLP,United States,Chicago,1916,false,2015-07-13 19:56:24,2022-08-18 15:46:52
F0815,Foot & Bockius & Partners,Australia,Melbourne,2006,true,2018-09-30 19:38:27,2021-04-18 19:21:46
F0816,Fried & Cleary Law Group,Japan,Osaka,1905,true,2015-12-03 21:09:43,2021-08-12 11:57:33
F0817,Eversheds & Sutherland LLP,United States,Houston,1996,true,2017-03-15 16:09:39,2021-06-10 10:49:22
F0818,Forbes & Day LLP,Ireland,Dublin,1859,true,2015-02-28 07:12:14,2024-10-24 16:24:16
F0819,Day & Cromwell LLP,Australia,Melbourne,1981,true,2020-12-14 23:53:56,2022-05-28 08:59:09
F0820,Debevoise & Tweed LLP,Ireland,Dublin,1988,true,2019-01-25 12:39:35,2022-11-09 09:24:29
F0821,Freshfields & Bockius Legal,Singapore,Singapore,1935,true,2016-01-12 13:35:57,2023-06-01 04:23:05
F0822,Linklaters & Wright Legal,Singapore,Singapore,1870,true,2020-05-18 09:39:22,2023-10-03 04:40:57
F0823,Addleshaw & Slate LLP,Ireland,Dublin,1948,true,2020-07-05 14:54:55,2021-11-12 12:52:48
F0824,Irwin & Dickinson Solicitors,Australia,Perth,1871,true,2015-11-28 17:12:01,2023-09-07 15:06:28
F0825,Ashurst & McKenzie & Partners,Netherlands,Amsterdam,1975,true,2016-03-10 18:54:10,2021-02-25 10:55:43
F0826,Edwards & McKenzie LLP,Ireland,Dublin,1936,true,2019-04-02 11:09:03,2023-04-10 10:43:39
F0827,Bond & Steen Solicitors,Ireland,Dublin,1987,true,2018-06-13 20:51:26,2021-07-03 14:20:05
F0828,Slaughter & Green LLP,UAE,Dubai,1970,true,2015-08-12 19:12:19,2021-02-27 06:53:56
F0829,Holman & Cohen LLP,UAE,Dubai,1894,true,2017-01-23 23:43:20,2023-12-26 10:14:24
F0830,Harrison & Ellis LLP,Sweden,Stockholm,1877,true,2015-10-30 06:38:06,2022-12-10 15:47:39
F0831,Berwin & Case Legal,UAE,Dubai,1952,true,2015-07-16 01:49:51,2024-06-03 16:12:05
F0832,Bond & Latham LLP,Japan,Tokyo,2001,true,2017-09-26 03:28:47,2024-07-23 08:15:43
F0833,Dickson & Ellis Legal,United States,New York,1991,true,2017-04-30 22:58:09,2021-08-08 09:41:22
F0834,Haworth & Lipton Law Group,France,Paris,1890,true,2016-02-19 08:51:13,2021-06-05 07:04:17
F0835,Addleshaw & Bockius LLP,Netherlands,Amsterdam,2001,true,2015-01-20 17:27:32,2021-01-12 05:19:48
F0836,Bird & Day & Associates,Singapore,Singapore,1983,true,2020-11-21 01:58:45,2021-07-17 02:53:32
F0837,Eversheds & Wachtell LLP,France,Lyon,1977,true,2020-03-11 21:00:43,2023-12-11 11:27:35
F0838,Dickson & Overy & Partners,United States,Boston,1899,true,2017-07-24 19:04:56,2022-06-25 08:55:15
F0839,Fried & Hauer & Partners,Spain,Madrid,1968,true,2020-04-06 22:05:25,2022-07-17 04:39:30
F0840,Ashurst & Smith LLP,Japan,Tokyo,1971,true,2017-05-08 19:51:37,2021-03-24 10:33:23
F0841,Hill & Wright & Associates,Germany,Stuttgart,1903,true,2015-05-14 22:55:56,2021-03-25 22:17:43
F0842,Gibson & Bockius LLP,Canada,Calgary,1890,true,2015-05-15 13:59:08,2021-06-12 05:06:02
F0843,Bryan & Thacher Solicitors,Netherlands,Amsterdam,2001,true,2015-08-09 03:40:00,2024-10-22 10:58:13
F0844,Collyer & Clarke LLP,Singapore,Singapore,1933,true,2020-10-03 21:47:00,2024-10-27 13:45:50
F0845,Boodle & Sutherland Solicitors,France,Bordeaux,1999,true,2016-09-13 05:47:15,2022-08-07 08:51:43
F0846,Harrison & Thomas LLP,Sweden,Stockholm,1949,true,2016-03-26 07:36:16,2021-12-02 19:13:16
F0847,Charles & May Legal,Netherlands,Amsterdam,1882,true,2020-05-17 14:54:37,2022-07-12 01:12:39
F0848,Osborne & Tweed Solicitors,UAE,Dubai,1967,true,2017-05-21 19:21:45,2021-08-01 01:08:41
F0849,Clyde & Wachtell LLP,Ireland,Dublin,2013,false,2016-11-14 01:28:11,2024-10-08 23:43:18
F0850,Browne & Bruckhaus Law Group,Sweden,Stockholm,1983,true,2019-12-02 03:51:33,2023-05-09 16:13:25
F0851,Baker & Thacher Law Group,France,Bordeaux,1913,true,2018-12-08 18:06:14,2022-03-10 16:14:41
F0852,Taylor & Lewis LLP,Singapore,Singapore,1956,false,2020-01-13 13:41:27,2025-01-09 22:50:41
F0853,Dorsey & Feld Law Group,United Kingdom,Edinburgh,1972,true,2019-04-16 13:05:41,2021-02-22 05:27:54
F0854,Bryan & Bruckhaus LLP,Hong Kong,Hong Kong,1954,true,2018-11-06 16:28:24,2023-02-09 09:33:53
F0855,Hill & Bruckhaus LLP,Germany,Munich,1972,true,2017-07-07 23:43:58,2022-01-07 08:53:31
F0856,Guildford & Bartlett LLP,Germany,Stuttgart,1966,true,2018-11-27 22:36:37,2024-08-25 17:39:16
F0857,Curtis & Rosen Solicitors,Germany,Stuttgart,2012,true,2018-06-13 09:51:37,2021-10-15 07:16:36
F0858,Irwin & Cave LLP,Japan,Tokyo,1925,true,2018-04-10 18:40:41,2024-10-19 21:39:00
F0859,Hawkins & McCloy Legal,Australia,Melbourne,1864,true,2020-10-28 04:20:11,2021-05-06 18:22:18
F0860,Davis & Wright Solicitors,Sweden,Stockholm,2008,true,2015-06-10 04:47:05,2021-06-22 09:07:57
F0861,Irving & Slate & Partners,Canada,Vancouver,1885,false,2020-07-06 19:15:22,2023-05-19 01:13:05
F0862,Haines & Hadley & Partners,France,Paris,1907,true,2020-07-09 11:48:38,2023-01-14 07:31:45
F0863,Dorsey & Lowell LLP,Sweden,Stockholm,1866,true,2019-04-14 12:36:00,2023-11-23 16:41:27
F0864,Pinsent & Strauss & Associates,Netherlands,Rotterdam,1965,true,2019-04-07 22:49:45,2023-03-30 04:09:01
F0865,Farrer & Bruckhaus LLP,Ireland,Dublin,1950,true,2016-08-08 04:39:39,2024-10-17 12:33:42
F0866,Charles & Smith LLP,Australia,Sydney,1977,true,2015-12-06 18:50:23,2021-09-13 22:55:47
F0867,Hunter & Skadden LLP,France,Paris,1971,true,2017-06-29 20:17:53,2022-10-10 01:36:43
F0868,Irving & McKenzie & Partners,Netherlands,Amsterdam,1983,true,2017-06-24 17:04:04,2021-10-21 16:41:32
F0869,Collyer & Green Solicitors,Singapore,Singapore,1967,true,2020-07-30 09:02:49,2023-10-01 14:32:07
F0870,Capsticks & Clarke Solicitors,Germany,Munich,1945,false,2016-06-17 13:38:52,2024-05-11 02:01:58
F0871,Clarke & Thomas LLP,Ireland,Dublin,2008,true,2016-04-05 20:54:28,2022-07-03 13:18:04
F0872,Irwin & Morgan LLP,Hong Kong,Hong Kong,1891,true,2016-07-20 07:49:10,2021-09-30 09:52:12
F0873,DWF & Emanuel Legal,United Kingdom,Birmingham,1897,true,2019-11-20 23:42:06,2021-07-16 11:16:27
F0874,Covington & Day Legal,Hong Kong,Hong Kong,1964,true,2020-08-29 19:14:58,2022-05-08 08:31:11
F0875,Dentons & Lovells Solicitors,Germany,Dusseldorf,1887,true,2017-07-25 21:55:34,2021-07-08 17:28:34
F0876,Fried & Hauer Legal,Sweden,Stockholm,2015,true,2016-04-29 20:10:31,2021-01-07 16:06:11
F0877,Slaughter & Steen Solicitors,Netherlands,Rotterdam,1936,true,2019-11-18 12:13:45,2023-11-02 23:22:36
F0878,Hunt & Slate LLP,Hong Kong,Hong Kong,1928,true,2015-05-05 12:38:59,2021-08-05 14:04:37
F0879,Linklaters & Lewis LLP,UAE,Dubai,2005,true,2018-10-17 14:08:03,2022-07-10 04:35:50
F0880,Clifford & Bruckhaus Solicitors,UAE,Dubai,1872,false,2017-05-13 11:45:06,2021-11-01 00:48:33
F0881,Harris & Wachtell LLP,Singapore,Singapore,1942,true,2019-03-04 19:44:53,2022-05-09 14:52:11
F0882,Curtis & Overy & Associates,Hong Kong,Hong Kong,1938,true,2018-02-22 09:36:28,2022-08-23 19:19:18
F0883,DWF & Bartlett Law Group,Netherlands,Amsterdam,1963,true,2016-11-01 03:23:47,2024-02-05 16:20:23
F0884,Hall & Wachtell LLP,Ireland,Dublin,1886,true,2018-07-10 20:31:38,2021-08-05 19:27:37
F0885,Hall & Latham Law Group,Netherlands,Rotterdam,1872,true,2015-07-25 09:56:58,2024-12-20 14:27:54
F0886,Gowling & Thomas LLP,Japan,Osaka,1901,true,2018-07-11 20:24:19,2021-09-29 16:29:02
F0887,Freshfields & Hamilton & Associates,Singapore,Singapore,1999,true,2019-09-17 19:18:40,2023-02-02 02:21:27
F0888,Allen & Day & Associates,Spain,Barcelona,1926,false,2016-11-28 13:26:28,2021-02-11 16:40:05
F0889,Hughes & Morgan & Associates,Belgium,Brussels,1956,true,2016-01-21 19:18:09,2023-10-13 15:54:51
F0890,Charles & Green LLP,Sweden,Stockholm,2003,true,2015-03-30 08:49:59,2021-07-05 09:51:51
F0891,Capsticks & Rosen Solicitors,UAE,Abu Dhabi,1880,true,2019-10-24 04:17:52,2022-11-09 09:48:44
F0892,Haines & Frank LLP,Hong Kong,Hong Kong,1931,true,2017-03-17 08:29:43,2021-09-10 23:23:05
F0893,Gibson & Lowell Legal,Hong Kong,Hong Kong,1957,true,2018-01-15 08:35:30,2021-09-11 16:35:43
F0894,Francis & Rosen LLP,Canada,Toronto,1981,true,2017-06-19 13:14:41,2022-03-30 02:01:32
F0895,White & Skadden Legal,Japan,Tokyo,1930,true,2015-10-21 15:04:32,2023-07-20 03:29:00
F0896,Jackson & Moore Legal,Japan,Osaka,1874,true,2017-04-23 09:26:52,2023-12-01 19:11:38
F0897,Fox & Goddard Legal,Canada,Vancouver,1974,true,2015-02-10 01:43:11,2021-08-01 17:50:43
F0898,Taylor & Hauer & Partners,Sweden,Stockholm,1898,true,2015-11-15 04:49:44,2021-12-05 11:00:50
F0899,Jones & Smith LLP,Spain,Madrid,1854,true,2018-07-20 15:35:33,2022-12-17 08:21:43
F0900,DWF & McCloy Legal,Australia,Brisbane,1894,true,2016-03-07 21:38:00,2024-06-23 05:24:38
F0901,Quinn & Tweed LLP,United Kingdom,Leeds,1908,true,2016-01-04 11:13:30,2021-12-12 10:06:05
F0902,Irwin & Latham LLP,France,Lyon,1869,true,2015-09-02 05:12:38,2022-10-22 21:52:51
F0903,Norton & Chance LLP,Netherlands,Rotterdam,1970,true,2015-05-13 02:17:34,2021-11-02 00:29:44
F0904,Hughes & Overy LLP,Australia,Sydney,1881,true,2015-07-25 19:45:41,2022-04-14 14:10:14
F0905,Covington & McKenzie LLP,France,Lyon,1887,true,2016-07-28 02:19:53,2023-11-08 17:48:15
F0906,Ford & Cleary & Partners,Australia,Brisbane,1979,true,2017-12-30 06:10:46,2021-09-07 10:00:40
F0907,Baker & Feld & Partners,United States,San Francisco,1899,false,2019-12-02 04:46:17,2024-03-31 15:48:00
F0908,Macfarlanes & Bockius & Partners,Germany,Dusseldorf,1979,true,2015-01-14 10:47:16,2024-02-01 18:59:02
F0909,Arnold & Manges LLP,Netherlands,Rotterdam,1896,true,2020-12-09 00:33:45,2023-07-05 13:42:01
F0910,Browne & Weiss LLP,Singapore,Singapore,1930,true,2016-10-27 17:25:39,2023-03-10 20:40:01
F0911,Crown & Simpson & Associates,United States,Washington DC,1992,true,2016-02-27 06:21:38,2023-02-10 05:21:39
F0912,Davis & Goddard Solicitors,United States,Chicago,2003,true,2019-03-14 21:53:41,2021-06-29 18:27:05
F0913,Dechert & Goddard Law Group,Japan,Osaka,1898,true,2016-12-02 18:20:36,2023-05-11 11:28:52
F0914,Addleshaw & Overy Solicitors,Sweden,Stockholm,1876,true,2020-10-10 23:41:08,2022-07-25 19:12:29
F0915,Day & Lovells LLP,Spain,Madrid,1893,true,2016-01-06 09:31:36,2021-08-11 17:07:48
F0916,Debevoise & Smith & Partners,France,Marseille,1958,true,2016-09-14 04:43:42,2023-07-14 05:44:50
F0917,Debevoise & Dickinson Solicitors,Australia,Brisbane,2004,false,2020-06-23 07:31:54,2025-01-05 05:58:44
F0918,Farrer & Dunn LLP,Netherlands,Rotterdam,1914,true,2016-04-02 21:00:32,2024-04-08 01:05:55
F0919,Gibson & Milbank LLP,France,Lyon,1977,true,2015-04-03 08:20:46,2021-06-04 17:29:00
F0920,Collyer & Day & Associates,Germany,Hamburg,2009,true,2020-02-22 09:02:40,2023-11-22 02:34:26
F0921,Fox & Cleary Solicitors,Ireland,Dublin,1969,true,2020-08-15 21:44:33,2024-03-13 14:02:32
F0922,Capsticks & Skadden Legal,Japan,Osaka,1988,true,2019-03-04 03:42:58,2023-02-24 04:06:45
F0923,Pinsent & Browne Solicitors,Ireland,Dublin,1930,true,2018-08-30 05:25:39,2024-09-29 05:27:47
F0924,Addleshaw & Slate & Associates,Netherlands,Rotterdam,1892,true,2015-04-22 18:56:48,2021-02-21 01:06:07
F0925,Osborne & Cromwell Solicitors,Germany,Munich,1991,true,2018-04-23 19:56:39,2023-01-28 05:38:12
F0926,Weil & Hauer LLP,UAE,Abu Dhabi,1950,true,2019-01-18 14:30:01,2023-05-24 10:24:03
F0927,Cripps & Cleary & Associates,UAE,Abu Dhabi,1932,true,2020-03-31 18:21:23,2023-11-17 21:17:33
F0928,Crown & Dickinson LLP,UAE,Dubai,2010,true,2016-02-03 07:08:24,2024-07-24 03:10:00
F0929,Dechert & Dickinson LLP,United States,Houston,1912,true,2017-12-08 07:43:45,2022-07-10 03:34:23
F0930,Irwin & Sutherland & Associates,Japan,Osaka,1879,true,2020-01-15 22:21:48,2021-05-12 22:51:26
F0931,Farrer & Cravath Law Group,United Kingdom,Bristol,1995,true,2017-10-10 05:02:03,2021-02-28 01:32:19
F0932,Fladgate & Sullivan LLP,Singapore,Singapore,1931,true,2015-03-05 09:18:13,2023-12-18 03:12:45
F0933,Foot & Dunn & Partners,Singapore,Singapore,1936,true,2019-11-14 19:34:33,2021-06-01 19:28:37
F0934,Cobbetts & Wright Law Group,Ireland,Dublin,1901,true,2016-06-01 16:37:33,2023-08-14 02:26:40
F0935,Clarke & Emanuel LLP,Belgium,Brussels,1926,false,2019-07-23 18:40:51,2021-11-29 13:29:05
F0936,Linklaters & Simpson LLP,Singapore,Singapore,2001,true,2020-04-24 11:29:06,2024-02-29 00:52:22
F0937,Dorsey & Rose Legal,United States,Washington DC,1869,true,2019-07-08 22:58:34,2023-01-09 07:17:20
F0938,Fried & Lewis & Partners,Australia,Brisbane,1956,true,2018-09-07 00:08:43,2023-10-28 15:27:30
F0939,Gateley & Watkins LLP,UAE,Abu Dhabi,2010,true,2020-09-17 11:09:40,2024-03-31 23:11:19
F0940,Bond & Cravath Solicitors,Belgium,Brussels,1918,true,2019-11-28 04:33:13,2023-02-15 11:39:37
F0941,Haworth & Frank & Partners,Spain,Barcelona,1943,true,2019-10-25 20:42:05,2024-02-03 18:10:23
F0942,Cobbetts & Tweed Law Group,France,Lyon,1955,true,2020-10-30 04:09:58,2024-04-04 05:01:48
F0943,Dechert & Lowell & Associates,Belgium,Brussels,2015,true,2020-05-23 13:03:34,2021-11-13 05:11:37
F0944,Osborne & Day & Partners,Japan,Tokyo,1857,true,2018-06-14 23:33:29,2022-01-06 11:18:23
F0945,Gowling & Case Law Group,Belgium,Brussels,2015,true,2018-12-13 02:15:21,2023-01-25 00:21:56
F0946,Dentons & Emanuel & Associates,France,Lyon,1990,true,2017-04-27 06:52:40,2021-07-31 22:30:09
F0947,Clifford & Frank LLP,Belgium,Brussels,1930,true,2019-02-18 11:00:09,2024-04-30 03:47:16
F0948,Crown & Cravath LLP,Belgium,Brussels,1951,true,2018-06-18 12:37:48,2024-10-25 02:07:47
F0949,Guildford & Bartlett LLP,Hong Kong,Hong Kong,1983,true,2017-01-03 08:30:15,2021-06-23 21:08:27
F0950,Linklaters & Masons LLP,UAE,Abu Dhabi,1930,true,2019-03-23 10:04:37,2024-10-06 02:58:06
F0951,Dorsey & Rose LLP,UAE,Abu Dhabi,1877,true,2017-01-03 00:49:05,2024-12-24 05:58:17
F0952,Hall & Frank Solicitors,Australia,Perth,1986,true,2018-06-22 18:41:19,2022-01-31 01:12:42
F0953,Fladgate & Swaine & Partners,United States,Chicago,1921,true,2019-08-23 13:41:56,2022-10-21 07:42:45
F0954,Curtis & Hamilton & Associates,Sweden,Stockholm,1855,true,2018-02-01 19:05:37,2023-01-09 05:33:07
F0955,Gibson & Moore & Partners,Sweden,Stockholm,1914,true,2020-08-19 10:57:29,2024-05-26 02:41:28
F0956,Freshfields & Hadley & Partners,Australia,Brisbane,1963,true,2020-10-29 23:49:10,2021-07-09 14:29:39
F0957,Linklaters & Bockius & Partners,Sweden,Stockholm,1926,true,2017-03-04 21:58:23,2022-04-13 09:55:24
F0958,Cole & McCloy Law Group,Sweden,Stockholm,1858,true,2018-09-25 10:43:04,2023-09-08 18:32:05
F0959,Dechert & Bockius Legal,United States,San Francisco,1958,true,2019-03-08 15:12:08,2023-01-02 19:33:21
F0960,Capsticks & Hauer LLP,Belgium,Brussels,1940,true,2016-05-13 04:03:59,2023-12-22 01:18:12
F0961,Dentons & Latham LLP,Hong Kong,Hong Kong,2014,true,2018-11-09 05:38:44,2023-12-16 23:18:40
F0962,Allen & Lovells & Partners,Japan,Osaka,2010,true,2020-06-14 19:47:31,2021-07-31 09:53:09
F0963,Burgess & Feld LLP,UAE,Dubai,2002,true,2015-12-11 07:56:59,2021-09-03 04:02:49
F0964,Reed & Emanuel LLP,Ireland,Dublin,2001,true,2018-11-03 17:31:37,2023-01-14 02:45:27
F0965,Dickson & Wright LLP,Ireland,Dublin,1950,true,2016-09-09 05:26:26,2021-05-12 02:37:15
F0966,Gowling & Katz & Partners,Belgium,Brussels,1872,false,2015-03-06 10:05:11,2021-02-05 16:23:13
F0967,White & Frank Law Group,France,Marseille,2008,true,2020-12-18 17:49:17,2024-08-16 06:33:24
F0968,White & Cromwell LLP,Australia,Melbourne,1853,true,2015-10-04 16:53:21,2022-07-26 13:03:27
F0969,Pinsent & Clarke & Partners,Singapore,Singapore,1898,true,2020-09-23 20:00:19,2023-02-07 15:12:40
F0970,Forbes & Browne LLP,Belgium,Brussels,1960,true,2017-06-13 16:00:03,2024-03-05 13:24:47
F0971,Hunt & May Law Group,UAE,Dubai,1896,true,2017-05-29 03:34:01,2024-02-03 21:38:25
F0972,Bryan & Lipton Solicitors,Germany,Frankfurt,1913,true,2017-06-20 14:21:18,2022-02-11 16:35:29
F0973,Fladgate & Cohen Legal,Japan,Osaka,1951,true,2015-09-24 09:08:21,2021-01-17 00:45:59
F0974,Harbottle & Emanuel LLP,Hong Kong,Hong Kong,1874,true,2018-08-08 02:51:38,2024-02-18 11:57:00
F0975,Cripps & Wachtell LLP,United Kingdom,Birmingham,1851,true,2016-12-30 15:02:49,2023-01-02 13:37:59
F0976,Hughes & Wright LLP,UAE,Abu Dhabi,1993,true,2017-07-28 20:34:58,2022-09-06 03:21:49
F0977,Forbes & Bockius Legal,Germany,Munich,1969,true,2016-06-11 18:09:50,2023-02-22 13:02:20
F0978,Osborne & Lewis LLP,Canada,Calgary,1882,true,2016-03-16 13:03:22,2022-02-09 12:38:23
F0979,Druces & Goddard & Associates,Belgium,Brussels,2006,true,2018-01-25 07:42:13,2024-12-09 20:37:11
F0980,Druces & Morgan LLP,Sweden,Stockholm,1930,true,2019-05-26 04:16:38,2022-05-02 05:52:13
F0981,Howard & Rosen Solicitors,Netherlands,Amsterdam,1863,true,2019-09-23 10:06:33,2024-08-18 03:23:59
F0982,Fladgate & Emanuel LLP,United Kingdom,Manchester,1969,true,2016-07-23 00:00:24,2021-02-25 17:02:29
F0983,Cripps & Simpson Solicitors,Sweden,Stockholm,1967,true,2015-05-07 17:39:01,2022-11-17 21:02:49
F0984,Linklaters & Rose & Associates,Belgium,Brussels,1896,true,2016-01-20 04:19:41,2022-06-28 02:11:35
F0985,Howard & Sullivan & Partners,Hong Kong,Hong Kong,1999,false,2019-10-16 22:46:08,2024-10-15 22:57:18
F0986,Dickson & Lewis LLP,United Kingdom,Bristol,1913,true,2019-11-09 09:01:26,2021-10-08 12:05:40
F0987,Clarke & Swaine LLP,Japan,Tokyo,1950,true,2017-10-18 02:30:01,2021-02-10 07:56:23
F0988,Dentons & Bruckhaus Solicitors,Sweden,Stockholm,1972,true,2017-10-02 04:46:01,2021-08-27 21:09:54
F0989,Holman & Lipton Solicitors,Australia,Sydney,1933,true,2017-10-20 11:51:05,2021-03-10 02:44:04
F0990,Gibson & Steen & Associates,Hong Kong,Hong Kong,1932,true,2016-10-18 16:39:19,2024-09-03 01:22:05
F0991,DAC & Bruckhaus Law Group,Hong Kong,Hong Kong,1915,true,2019-08-27 22:55:28,2023-07-25 15:03:20
F0992,Bird & Ellis Law Group,Ireland,Dublin,1953,true,2015-10-05 02:21:44,2021-02-01 20:44:38
F0993,Foot & Steen Law Group,Ireland,Dublin,1929,true,2016-01-10 16:44:09,2022-04-09 18:37:34
F0994,Macfarlanes & Milbank Legal,UAE,Dubai,1981,true,2018-01-20 12:16:48,2023-10-31 20:23:42
F0995,Greenberg & Wachtell Law Group,Netherlands,Rotterdam,1873,true,2019-01-20 05:55:04,2022-02-22 01:38:15
F0996,Druces & Rosen Law Group,Ireland,Dublin,1873,true,2020-03-22 05:17:59,2021-10-17 11:50:56
F0997,Hill & Swaine LLP,Canada,Calgary,1976,true,2020-10-02 15:01:28,2021-12-15 07:54:29
F0998,Druces & Bruckhaus Solicitors,Japan,Tokyo,1926,true,2017-06-22 04:23:18,2022-12-29 08:28:33
F0999,Burgess & Feld Law Group,Germany,Stuttgart,1925,true,2017-07-22 08:05:33,2024-07-31 06:48:32
F1000,Norton & Hauer Law Group,Spain,Madrid,1955,true,2015-05-21 02:31:11,2023-03-09 13:28:50
